FIPS,state_name,county_name,value
01069,Alabama,Houston,Bin 2
01023,Alabama,Choctaw,Bin 2
01113,Alabama,Russell,Bin 3
10005,Delaware,Sussex,Bin 4
01071,Alabama,Jackson,Bin 2
01089,Alabama,Madison,Bin 4
04015,Arizona,Mohave,Bin 6
05017,Arkansas,Chicot,Bin 2
05121,Arkansas,Randolph,Bin 2
05073,Arkansas,Lafayette,Bin 3
05057,Arkansas,Hempstead,Bin 4
06079,California,San Luis Obispo,Bin 5
06081,California,San Mateo,Bin 4
06091,California,Sierra,Bin 2
08067,Colorado,La Plata,Bin 6
12007,Florida,Bradford,Bin 6
10003,Delaware,New Castle,Bin 4
09190,Connecticut,Western Connecticut,Bin 2
12009,Florida,Brevard,Bin 4
12131,Florida,Walton,Bin 3
12053,Florida,Hernando,Bin 3
12047,Florida,Hamilton,Bin 5
12065,Florida,Jefferson,Bin 6
12031,Florida,Duval,Bin 5
13105,Georgia,Elbert,Bin 4
13213,Georgia,Murray,Bin 3
16073,Idaho,Owyhee,Bin 2
16049,Idaho,Idaho,Bin 2
17105,Illinois,Livingston,Bin 5
17161,Illinois,Rock Island,Bin 5
27087,Minnesota,Mahnomen,Bin 6
18089,Indiana,Lake,Bin 6
04013,Arizona,Maricopa,Bin 6
06067,California,Sacramento,Bin 6
19159,Iowa,Ringgold,Bin 6
06107,California,Tulare,Bin 5
06069,California,San Benito,Bin 6
19163,Iowa,Scott,Bin 6
27053,Minnesota,Hennepin,Bin 6
17125,Illinois,Mason,Bin 2
36005,New York,Bronx,Bin 1
20099,Kansas,Labette,Bin 2
36119,New York,Westchester,Bin 2
36053,New York,Madison,Bin 6
21235,Kentucky,Whitley,Bin 2
44007,Rhode Island,Providence,Bin 2
36029,New York,Erie,Bin 4
48287,Texas,Lee,Bin 5
36091,New York,Saratoga,Bin 6
01121,Alabama,Talladega,Bin 3
21133,Kentucky,Letcher,Bin 2
38017,North Dakota,Cass,Bin 2
39035,Ohio,Cuyahoga,Bin 6
39061,Ohio,Hamilton,Bin 6
22075,Louisiana,Plaquemines,Bin 1
22031,Louisiana,De Soto,Bin 4
22111,Louisiana,Union,Bin 2
22115,Louisiana,Vernon,Bin 3
01087,Alabama,Macon,Bin 2
01041,Alabama,Crenshaw,Bin 3
24005,Maryland,Baltimore,Bin 2
24019,Maryland,Dorchester,Bin 1
24017,Maryland,Charles,Bin 1
24015,Maryland,Cecil,Bin 3
25001,Massachusetts,Barnstable,Bin 6
25017,Massachusetts,Middlesex,Bin 6
26103,Michigan,Marquette,Bin 5
26053,Michigan,Gogebic,Bin 6
26115,Michigan,Monroe,Bin 2
26141,Michigan,Presque Isle,Bin 2
27075,Minnesota,Lake,Bin 5
27163,Minnesota,Washington,Bin 6
28001,Mississippi,Adams,Bin 4
28087,Mississippi,Lowndes,Bin 3
28143,Mississippi,Tunica,Bin 3
28139,Mississippi,Tippah,Bin 3
29099,Missouri,Jefferson,Bin 6
30001,Montana,Beaverhead,Bin 5
30105,Montana,Valley,Bin 5
30005,Montana,Blaine,Bin 3
30029,Montana,Flathead,Bin 3
33017,New Hampshire,Strafford,Bin 4
34001,New Jersey,Atlantic,Bin 3
34009,New Jersey,Cape May,Bin 4
34041,New Jersey,Warren,Bin 5
34019,New Jersey,Hunterdon,Bin 5
34025,New Jersey,Monmouth,Bin 2
34023,New Jersey,Middlesex,Bin 3
35045,New Mexico,San Juan,Bin 6
36031,New York,Essex,Bin 5
37047,North Carolina,Columbus,Bin 4
37039,North Carolina,Cherokee,Bin 3
37149,North Carolina,Polk,Bin 4
37009,North Carolina,Ashe,Bin 3
37055,North Carolina,Dare,Bin 2
37091,North Carolina,Hertford,Bin 2
38097,North Dakota,Traill,Bin 3
38053,North Dakota,McKenzie,Bin 2
39167,Ohio,Washington,Bin 6
40095,Oklahoma,Marshall,Bin 2
41015,Oregon,Curry,Bin 5
41007,Oregon,Clatsop,Bin 5
41035,Oregon,Klamath,Bin 6
41033,Oregon,Josephine,Bin 4
41065,Oregon,Wasco,Bin 6
48037,Texas,Bowie,Bin 5
42071,Pennsylvania,Lancaster,Bin 5
42095,Pennsylvania,Northampton,Bin 5
44009,Rhode Island,Washington,Bin 5
45013,South Carolina,Beaufort,Bin 1
45051,South Carolina,Horry,Bin 6
45091,South Carolina,York,Bin 4
46023,South Dakota,Charles Mix,Bin 2
04007,Arizona,Gila,Bin 4
47157,Tennessee,Shelby,Bin 6
47165,Tennessee,Sumner,Bin 5
47019,Tennessee,Carter,Bin 4
47123,Tennessee,Monroe,Bin 3
47013,Tennessee,Campbell,Bin 3
48273,Texas,Kleberg,Bin 4
48229,Texas,Hudspeth,Bin 6
48419,Texas,Shelby,Bin 4
48301,Texas,Loving,Bin 6
49037,Utah,San Juan,Bin 2
49019,Utah,Grand,Bin 4
49049,Utah,Utah,Bin 5
49023,Utah,Juab,Bin 2
51133,Virginia,Northumberland,Bin 2
51193,Virginia,Westmoreland,Bin 3
51073,Virginia,Gloucester,Bin 1
51107,Virginia,Loudoun,Bin 6
51143,Virginia,Pittsylvania,Bin 3
51083,Virginia,Halifax,Bin 5
53053,Washington,Pierce,Bin 5
53067,Washington,Thurston,Bin 4
53005,Washington,Benton,Bin 6
54047,West Virginia,McDowell,Bin 3
54099,West Virginia,Wayne,Bin 4
54037,West Virginia,Jefferson,Bin 6
54003,West Virginia,Berkeley,Bin 6
55003,Wisconsin,Ashland,Bin 6
55051,Wisconsin,Iron,Bin 4
56039,Wyoming,Teton,Bin 6
05045,Arkansas,Faulkner,Bin 4
05011,Arkansas,Bradley,Bin 2
05085,Arkansas,Lonoke,Bin 3
05099,Arkansas,Nevada,Bin 2
05037,Arkansas,Cross,Bin 2
06007,California,Butte,Bin 5
06047,California,Merced,Bin 5
08059,Colorado,Jefferson,Bin 6
08065,Colorado,Lake,Bin 6
08055,Colorado,Huerfano,Bin 2
12117,Florida,Seminole,Bin 5
12041,Florida,Gilchrist,Bin 5
12013,Florida,Calhoun,Bin 2
13229,Georgia,Pierce,Bin 2
13261,Georgia,Sumter,Bin 5
13021,Georgia,Bibb,Bin 5
13151,Georgia,Henry,Bin 5
13195,Georgia,Madison,Bin 5
13265,Georgia,Taliaferro,Bin 5
13267,Georgia,Tattnall,Bin 2
13237,Georgia,Putnam,Bin 5
13219,Georgia,Oconee,Bin 5
13205,Georgia,Mitchell,Bin 4
13201,Georgia,Miller,Bin 3
16085,Idaho,Valley,Bin 2
16005,Idaho,Bannock,Bin 3
16039,Idaho,Elmore,Bin 5
17047,Illinois,Edwards,Bin 4
17027,Illinois,Clinton,Bin 3
18041,Indiana,Fayette,Bin 6
18069,Indiana,Huntington,Bin 6
19175,Iowa,Union,Bin 6
20059,Kansas,Franklin,Bin 3
20171,Kansas,Scott,Bin 2
21123,Kentucky,Larue,Bin 3
21115,Kentucky,Johnson,Bin 3
21109,Kentucky,Jackson,Bin 2
21175,Kentucky,Morgan,Bin 3
21011,Kentucky,Bath,Bin 2
21231,Kentucky,Wayne,Bin 3
21061,Kentucky,Edmonson,Bin 2
21165,Kentucky,Menifee,Bin 2
22001,Louisiana,Acadia,Bin 2
22071,Louisiana,Orleans,Bin 4
22103,Louisiana,St. Tammany,Bin 4
22067,Louisiana,Morehouse,Bin 3
22081,Louisiana,Red River,Bin 4
22039,Louisiana,Evangeline,Bin 2
22043,Louisiana,Grant,Bin 2
22083,Louisiana,Richland,Bin 2
26135,Michigan,Oscoda,Bin 4
27015,Minnesota,Brown,Bin 6
28163,Mississippi,Yazoo,Bin 3
28089,Mississippi,Madison,Bin 4
28101,Mississippi,Newton,Bin 4
29033,Missouri,Carroll,Bin 4
29039,Missouri,Cedar,Bin 3
29197,Missouri,Schuyler,Bin 6
30063,Montana,Missoula,Bin 3
30097,Montana,Sweet Grass,Bin 2
30047,Montana,Lake,Bin 2
30069,Montana,Petroleum,Bin 6
30023,Montana,Deer Lodge,Bin 5
31115,Nebraska,Loup,Bin 5
31005,Nebraska,Arthur,Bin 6
32011,Nevada,Eureka,Bin 6
35011,New Mexico,De Baca,Bin 2
36113,New York,Warren,Bin 6
36017,New York,Chenango,Bin 5
36051,New York,Livingston,Bin 5
37193,North Carolina,Wilkes,Bin 3
37159,North Carolina,Rowan,Bin 5
37089,North Carolina,Henderson,Bin 4
37163,North Carolina,Sampson,Bin 3
37121,North Carolina,Mitchell,Bin 4
38069,North Dakota,Pierce,Bin 4
39067,Ohio,Harrison,Bin 4
40145,Oklahoma,Wagoner,Bin 4
40133,Oklahoma,Seminole,Bin 4
41017,Oregon,Deschutes,Bin 5
41031,Oregon,Jefferson,Bin 5
41055,Oregon,Sherman,Bin 6
42051,Pennsylvania,Fayette,Bin 3
42129,Pennsylvania,Westmoreland,Bin 4
42023,Pennsylvania,Cameron,Bin 5
45055,South Carolina,Kershaw,Bin 4
45027,South Carolina,Clarendon,Bin 3
45017,South Carolina,Calhoun,Bin 2
46079,South Dakota,Lake,Bin 6
47001,Tennessee,Anderson,Bin 4
47189,Tennessee,Wilson,Bin 6
47135,Tennessee,Perry,Bin 3
47045,Tennessee,Dyer,Bin 2
47029,Tennessee,Cocke,Bin 4
47049,Tennessee,Fentress,Bin 3
47085,Tennessee,Humphreys,Bin 3
47185,Tennessee,White,Bin 3
47127,Tennessee,Moore,Bin 3
48339,Texas,Montgomery,Bin 5
48029,Texas,Bexar,Bin 5
48245,Texas,Jefferson,Bin 5
48457,Texas,Tyler,Bin 5
48157,Texas,Fort Bend,Bin 4
48139,Texas,Ellis,Bin 5
48499,Texas,Wood,Bin 4
48041,Texas,Brazos,Bin 6
48459,Texas,Upshur,Bin 3
48343,Texas,Morris,Bin 5
48393,Texas,Roberts,Bin 6
48289,Texas,Leon,Bin 5
48349,Texas,Navarro,Bin 4
48185,Texas,Grimes,Bin 6
48467,Texas,Van Zandt,Bin 4
48125,Texas,Dickens,Bin 2
48105,Texas,Crockett,Bin 2
48415,Texas,Scurry,Bin 6
48379,Texas,Rains,Bin 4
48261,Texas,Kenedy,Bin 6
49011,Utah,Davis,Bin 5
49015,Utah,Emery,Bin 2
49051,Utah,Wasatch,Bin 6
49007,Utah,Carbon,Bin 6
49013,Utah,Duchesne,Bin 4
49055,Utah,Wayne,Bin 2
51109,Virginia,Louisa,Bin 5
51023,Virginia,Botetourt,Bin 4
51061,Virginia,Fauquier,Bin 6
51009,Virginia,Amherst,Bin 6
51161,Virginia,Roanoke,Bin 6
51175,Virginia,Southampton,Bin 3
51113,Virginia,Madison,Bin 4
53017,Washington,Douglas,Bin 6
54039,West Virginia,Kanawha,Bin 5
54109,West Virginia,Wyoming,Bin 2
54025,West Virginia,Greenbrier,Bin 3
54041,West Virginia,Lewis,Bin 4
55057,Wisconsin,Juneau,Bin 2
55035,Wisconsin,Eau Claire,Bin 5
56013,Wyoming,Fremont,Bin 6
08033,Colorado,Dolores,Bin 6
01073,Alabama,Jefferson,Bin 4
09170,Connecticut,South Central Connecticut,Bin 3
09180,Connecticut,Southeastern Connecticut,Bin 5
06109,California,Tuolumne,Bin 3
12103,Florida,Pinellas,Bin 1
12057,Florida,Hillsborough,Bin 2
12075,Florida,Levy,Bin 5
12086,Florida,Miami-Dade,Bin 2
12071,Florida,Lee,Bin 4
12113,Florida,Santa Rosa,Bin 3
01043,Alabama,Cullman,Bin 2
12037,Florida,Franklin,Bin 1
12073,Florida,Leon,Bin 6
13051,Georgia,Chatham,Bin 2
13185,Georgia,Lowndes,Bin 5
13027,Georgia,Brooks,Bin 4
13049,Georgia,Charlton,Bin 4
17197,Illinois,Will,Bin 6
13245,Georgia,Richmond,Bin 5
13241,Georgia,Rabun,Bin 3
13153,Georgia,Houston,Bin 5
16041,Idaho,Franklin,Bin 2
01033,Alabama,Colbert,Bin 2
04001,Arizona,Apache,Bin 5
05007,Arkansas,Benton,Bin 5
05139,Arkansas,Union,Bin 2
05003,Arkansas,Ashley,Bin 3
05133,Arkansas,Sevier,Bin 4
05131,Arkansas,Sebastian,Bin 2
05015,Arkansas,Carroll,Bin 4
05021,Arkansas,Clay,Bin 2
05041,Arkansas,Desha,Bin 2
05063,Arkansas,Independence,Bin 2
06059,California,Orange,Bin 4
05019,Arkansas,Clark,Bin 2
06037,California,Los Angeles,Bin 2
06087,California,Santa Cruz,Bin 6
06097,California,Sonoma,Bin 6
06041,California,Marin,Bin 5
06001,California,Alameda,Bin 6
06003,California,Alpine,Bin 6
06061,California,Placer,Bin 6
06057,California,Nevada,Bin 5
08077,Colorado,Mesa,Bin 6
08123,Colorado,Weld,Bin 6
08083,Colorado,Montezuma,Bin 6
21147,Kentucky,McCreary,Bin 2
37167,North Carolina,Stanly,Bin 5
37007,North Carolina,Anson,Bin 4
37155,North Carolina,Robeson,Bin 3
01099,Alabama,Monroe,Bin 5
21135,Kentucky,Lewis,Bin 2
22057,Louisiana,Lafourche,Bin 2
22117,Louisiana,Washington,Bin 3
22029,Louisiana,Concordia,Bin 2
22035,Louisiana,East Carroll,Bin 3
22011,Louisiana,Beauregard,Bin 4
23031,Maine,York,Bin 5
23029,Maine,Washington,Bin 2
23003,Maine,Aroostook,Bin 4
24041,Maryland,Talbot,Bin 1
24037,Maryland,St. Mary's,Bin 1
24039,Maryland,Somerset,Bin 1
01131,Alabama,Wilcox,Bin 5
24011,Maryland,Caroline,Bin 5
24033,Maryland,Prince George's,Bin 4
24001,Maryland,Allegany,Bin 4
01065,Alabama,Hale,Bin 4
36063,New York,Niagara,Bin 5
37129,North Carolina,New Hanover,Bin 3
37141,North Carolina,Pender,Bin 3
37133,North Carolina,Onslow,Bin 2
37043,North Carolina,Clay,Bin 5
37113,North Carolina,Macon,Bin 4
37175,North Carolina,Transylvania,Bin 5
37049,North Carolina,Craven,Bin 2
37137,North Carolina,Pamlico,Bin 1
37177,North Carolina,Tyrrell,Bin 3
37053,North Carolina,Currituck,Bin 2
37131,North Carolina,Northampton,Bin 3
37075,North Carolina,Graham,Bin 3
38077,North Dakota,Richland,Bin 2
38105,North Dakota,Williams,Bin 2
38099,North Dakota,Walsh,Bin 2
38067,North Dakota,Pembina,Bin 2
38085,North Dakota,Sioux,Bin 6
39043,Ohio,Erie,Bin 6
40065,Oklahoma,Jackson,Bin 3
40141,Oklahoma,Tillman,Bin 2
40067,Oklahoma,Jefferson,Bin 2
40023,Oklahoma,Choctaw,Bin 4
40135,Oklahoma,Sequoyah,Bin 2
40089,Oklahoma,McCurtain,Bin 2
41051,Oregon,Multnomah,Bin 6
41021,Oregon,Gilliam,Bin 2
42133,Pennsylvania,York,Bin 6
42017,Pennsylvania,Bucks,Bin 5
42049,Pennsylvania,Erie,Bin 5
42127,Pennsylvania,Wayne,Bin 5
42029,Pennsylvania,Chester,Bin 5
42089,Pennsylvania,Monroe,Bin 6
45045,South Carolina,Greenville,Bin 5
45025,South Carolina,Chesterfield,Bin 2
25025,Massachusetts,Suffolk,Bin 5
25021,Massachusetts,Norfolk,Bin 6
25013,Massachusetts,Hampden,Bin 6
26041,Michigan,Delta,Bin 3
26003,Michigan,Alger,Bin 4
27167,Minnesota,Wilkin,Bin 4
27137,Minnesota,St. Louis,Bin 5
27119,Minnesota,Polk,Bin 4
27073,Minnesota,Lac qui Parle,Bin 2
28113,Mississippi,Pike,Bin 2
28151,Mississippi,Washington,Bin 3
28055,Mississippi,Issaquena,Bin 5
28033,Mississippi,DeSoto,Bin 5
28021,Mississippi,Claiborne,Bin 2
29201,Missouri,Scott,Bin 3
29183,Missouri,St. Charles,Bin 6
29013,Missouri,Bates,Bin 4
29087,Missouri,Holt,Bin 3
29171,Missouri,Putnam,Bin 2
30053,Montana,Lincoln,Bin 2
30051,Montana,Liberty,Bin 2
30085,Montana,Roosevelt,Bin 3
30075,Montana,Powder River,Bin 2
30035,Montana,Glacier,Bin 5
30009,Montana,Carbon,Bin 2
32033,Nevada,White Pine,Bin 2
32017,Nevada,Lincoln,Bin 2
35029,New Mexico,Luna,Bin 6
36045,New York,Jefferson,Bin 6
16043,Idaho,Fremont,Bin 2
16083,Idaho,Twin Falls,Bin 2
16003,Idaho,Adams,Bin 6
16069,Idaho,Nez Perce,Bin 5
17153,Illinois,Pulaski,Bin 2
17045,Illinois,Edgar,Bin 4
18147,Indiana,Spencer,Bin 3
18129,Indiana,Posey,Bin 4
19111,Iowa,Lee,Bin 4
27145,Minnesota,Stearns,Bin 6
29037,Missouri,Cass,Bin 5
29019,Missouri,Boone,Bin 5
29159,Missouri,Pettis,Bin 3
34031,New Jersey,Passaic,Bin 2
26163,Michigan,Wayne,Bin 2
18161,Indiana,Union,Bin 5
06113,California,Yolo,Bin 6
18035,Indiana,Delaware,Bin 6
19063,Iowa,Emmet,Bin 4
26109,Michigan,Menominee,Bin 3
19189,Iowa,Winnebago,Bin 2
36047,New York,Kings,Bin 6
20013,Kansas,Brown,Bin 3
01091,Alabama,Marengo,Bin 3
01101,Alabama,Montgomery,Bin 4
01095,Alabama,Marshall,Bin 2
36075,New York,Oswego,Bin 6
21027,Kentucky,Breckinridge,Bin 2
40087,Oklahoma,McClain,Bin 3
40125,Oklahoma,Pottawatomie,Bin 5
36071,New York,Orange,Bin 3
21159,Kentucky,Martin,Bin 2
48213,Texas,Henderson,Bin 4
55078,Wisconsin,Menominee,Bin 6
18139,Indiana,Rush,Bin 6
18065,Indiana,Henry,Bin 6
18027,Indiana,Daviess,Bin 4
18071,Indiana,Jackson,Bin 5
18175,Indiana,Washington,Bin 5
19055,Iowa,Delaware,Bin 3
19165,Iowa,Shelby,Bin 3
20069,Kansas,Gray,Bin 2
20093,Kansas,Kearny,Bin 2
20165,Kansas,Rush,Bin 2
21179,Kentucky,Nelson,Bin 3
21183,Kentucky,Ohio,Bin 2
21107,Kentucky,Hopkins,Bin 2
21209,Kentucky,Scott,Bin 4
21079,Kentucky,Garrard,Bin 3
21025,Kentucky,Breathitt,Bin 4
21167,Kentucky,Mercer,Bin 5
21013,Kentucky,Bell,Bin 2
21187,Kentucky,Owen,Bin 3
04025,Arizona,Yavapai,Bin 6
46103,South Dakota,Pennington,Bin 6
46089,South Dakota,McPherson,Bin 2
47167,Tennessee,Tipton,Bin 5
47055,Tennessee,Giles,Bin 5
47065,Tennessee,Hamilton,Bin 5
47155,Tennessee,Sevier,Bin 4
47059,Tennessee,Greene,Bin 4
47147,Tennessee,Robertson,Bin 4
47009,Tennessee,Blount,Bin 4
48355,Texas,Nueces,Bin 5
48427,Texas,Starr,Bin 2
48409,Texas,San Patricio,Bin 3
48039,Texas,Brazoria,Bin 5
48443,Texas,Terrell,Bin 5
48211,Texas,Hemphill,Bin 2
48067,Texas,Cass,Bin 2
49043,Utah,Summit,Bin 4
50027,Vermont,Windsor,Bin 5
51185,Virginia,Tazewell,Bin 3
51191,Virginia,Washington,Bin 4
51051,Virginia,Dickenson,Bin 2
51131,Virginia,Northampton,Bin 2
51179,Virginia,Stafford,Bin 5
51103,Virginia,Lancaster,Bin 1
51159,Virginia,Richmond,Bin 1
51015,Virginia,Augusta,Bin 4
51181,Virginia,Surry,Bin 4
51059,Virginia,Fairfax,Bin 4
51069,Virginia,Frederick,Bin 5
53057,Washington,Skagit,Bin 4
53055,Washington,San Juan,Bin 1
53027,Washington,Grays Harbor,Bin 3
53045,Washington,Mason,Bin 2
53033,Washington,King,Bin 6
53049,Washington,Pacific,Bin 2
53029,Washington,Island,Bin 1
54063,West Virginia,Monroe,Bin 3
54103,West Virginia,Wetzel,Bin 3
54095,West Virginia,Tyler,Bin 2
54107,West Virginia,Wood,Bin 4
54057,West Virginia,Mineral,Bin 3
54031,West Virginia,Hardy,Bin 2
54027,West Virginia,Hampshire,Bin 4
55023,Wisconsin,Crawford,Bin 4
55011,Wisconsin,Buffalo,Bin 2
55121,Wisconsin,Trempealeau,Bin 2
56007,Wyoming,Carbon,Bin 4
56033,Wyoming,Sheridan,Bin 5
56029,Wyoming,Park,Bin 4
05097,Arkansas,Montgomery,Bin 2
05025,Arkansas,Cleveland,Bin 2
06019,California,Fresno,Bin 5
06105,California,Trinity,Bin 5
06089,California,Shasta,Bin 6
06115,California,Yuba,Bin 4
06011,California,Colusa,Bin 3
08035,Colorado,Douglas,Bin 6
08043,Colorado,Fremont,Bin 5
08027,Colorado,Custer,Bin 6
08117,Colorado,Summit,Bin 6
08049,Colorado,Grand,Bin 5
08029,Colorado,Delta,Bin 5
08091,Colorado,Ouray,Bin 3
08093,Colorado,Park,Bin 2
12069,Florida,Lake,Bin 5
12083,Florida,Marion,Bin 5
12023,Florida,Columbia,Bin 4
12119,Florida,Sumter,Bin 4
12097,Florida,Osceola,Bin 5
12121,Florida,Suwannee,Bin 3
12125,Florida,Union,Bin 5
13121,Georgia,Fulton,Bin 6
13013,Georgia,Barrow,Bin 6
13163,Georgia,Jefferson,Bin 2
13009,Georgia,Baldwin,Bin 4
13279,Georgia,Toombs,Bin 2
13001,Georgia,Appling,Bin 2
13023,Georgia,Bleckley,Bin 3
13133,Georgia,Greene,Bin 4
13311,Georgia,White,Bin 4
13301,Georgia,Warren,Bin 4
13315,Georgia,Wilcox,Bin 4
13305,Georgia,Wayne,Bin 3
13289,Georgia,Twiggs,Bin 3
13249,Georgia,Schley,Bin 4
16013,Idaho,Blaine,Bin 2
16061,Idaho,Lewis,Bin 2
16025,Idaho,Camas,Bin 6
16015,Idaho,Boise,Bin 6
17039,Illinois,De Witt,Bin 5
31075,Nebraska,Grant,Bin 6
31091,Nebraska,Hooker,Bin 6
32015,Nevada,Lander,Bin 2
34035,New Jersey,Somerset,Bin 4
35021,New Mexico,Harding,Bin 6
35051,New Mexico,Sierra,Bin 4
37085,North Carolina,Harnett,Bin 4
37125,North Carolina,Moore,Bin 2
37117,North Carolina,Martin,Bin 4
37051,North Carolina,Cumberland,Bin 4
37059,North Carolina,Davie,Bin 5
37083,North Carolina,Halifax,Bin 3
37027,North Carolina,Caldwell,Bin 3
37127,North Carolina,Nash,Bin 4
37015,North Carolina,Bertie,Bin 2
37093,North Carolina,Hoke,Bin 3
38103,North Dakota,Wells,Bin 2
47003,Tennessee,Bedford,Bin 4
47053,Tennessee,Gibson,Bin 3
47033,Tennessee,Crockett,Bin 2
47173,Tennessee,Union,Bin 4
47031,Tennessee,Coffee,Bin 5
47119,Tennessee,Maury,Bin 5
47121,Tennessee,Meigs,Bin 5
47107,Tennessee,McMinn,Bin 4
47105,Tennessee,Loudon,Bin 4
47141,Tennessee,Putnam,Bin 4
47081,Tennessee,Hickman,Bin 3
47079,Tennessee,Henry,Bin 4
47057,Tennessee,Grainger,Bin 3
47159,Tennessee,Smith,Bin 4
48387,Texas,Red River,Bin 2
48219,Texas,Hockley,Bin 6
48127,Texas,Dimmit,Bin 5
48471,Texas,Walker,Bin 6
48089,Texas,Colorado,Bin 5
48131,Texas,Duval,Bin 2
48475,Texas,Ward,Bin 3
48225,Texas,Houston,Bin 5
48347,Texas,Nacogdoches,Bin 6
48153,Texas,Floyd,Bin 2
48469,Texas,Victoria,Bin 6
48223,Texas,Hopkins,Bin 6
48025,Texas,Bee,Bin 3
48119,Texas,Delta,Bin 5
48455,Texas,Trinity,Bin 6
48015,Texas,Austin,Bin 6
48151,Texas,Fisher,Bin 2
48407,Texas,San Jacinto,Bin 5
48405,Texas,San Augustine,Bin 5
48477,Texas,Washington,Bin 4
48435,Texas,Sutton,Bin 2
38071,North Dakota,Ramsey,Bin 4
39077,Ohio,Huron,Bin 6
39065,Ohio,Hardin,Bin 6
40101,Oklahoma,Muskogee,Bin 4
40035,Oklahoma,Craig,Bin 3
40075,Oklahoma,Kiowa,Bin 2
42091,Pennsylvania,Montgomery,Bin 5
42043,Pennsylvania,Dauphin,Bin 5
42027,Pennsylvania,Centre,Bin 5
42033,Pennsylvania,Clearfield,Bin 4
42063,Pennsylvania,Indiana,Bin 4
42031,Pennsylvania,Clarion,Bin 4
42035,Pennsylvania,Clinton,Bin 5
42061,Pennsylvania,Huntingdon,Bin 4
42113,Pennsylvania,Sullivan,Bin 5
45079,South Carolina,Richland,Bin 5
45047,South Carolina,Greenwood,Bin 5
45087,South Carolina,Union,Bin 3
45071,South Carolina,Newberry,Bin 4
45049,South Carolina,Hampton,Bin 3
45005,South Carolina,Allendale,Bin 5
46093,South Dakota,Meade,Bin 4
46073,South Dakota,Jerauld,Bin 6
46117,South Dakota,Stanley,Bin 2
47143,Tennessee,Rhea,Bin 4
47093,Tennessee,Knox,Bin 5
21119,Kentucky,Knott,Bin 2
21003,Kentucky,Allen,Bin 4
21139,Kentucky,Livingston,Bin 2
21055,Kentucky,Crittenden,Bin 2
21239,Kentucky,Woodford,Bin 5
21193,Kentucky,Perry,Bin 3
21181,Kentucky,Nicholas,Bin 2
21189,Kentucky,Owsley,Bin 2
21097,Kentucky,Harrison,Bin 3
21063,Kentucky,Elliott,Bin 2
22015,Louisiana,Bossier,Bin 6
22077,Louisiana,Pointe Coupee,Bin 2
22125,Louisiana,West Feliciana,Bin 3
22091,Louisiana,St. Helena,Bin 3
22025,Louisiana,Catahoula,Bin 2
24027,Maryland,Howard,Bin 5
26051,Michigan,Gladwin,Bin 6
27061,Minnesota,Itasca,Bin 4
27171,Minnesota,Wright,Bin 6
27127,Minnesota,Redwood,Bin 3
27097,Minnesota,Morrison,Bin 5
27139,Minnesota,Scott,Bin 5
27129,Minnesota,Renville,Bin 3
27107,Minnesota,Norman,Bin 5
27065,Minnesota,Kanabec,Bin 6
28083,Mississippi,Leflore,Bin 4
28131,Mississippi,Stone,Bin 3
28051,Mississippi,Holmes,Bin 2
28157,Mississippi,Wilkinson,Bin 3
28013,Mississippi,Calhoun,Bin 4
29027,Missouri,Callaway,Bin 6
29113,Missouri,Lincoln,Bin 5
29123,Missouri,Madison,Bin 3
29207,Missouri,Stoddard,Bin 3
30045,Montana,Judith Basin,Bin 6
30013,Montana,Cascade,Bin 5
30007,Montana,Broadwater,Bin 2
30049,Montana,Lewis and Clark,Bin 6
30027,Montana,Fergus,Bin 5
30037,Montana,Golden Valley,Bin 6
30039,Montana,Granite,Bin 2
31185,Nebraska,York,Bin 6
37019,North Carolina,Brunswick,Bin 4
37119,North Carolina,Mecklenburg,Bin 6
37145,North Carolina,Person,Bin 5
39171,Ohio,Williams,Bin 4
40079,Oklahoma,Le Flore,Bin 2
41045,Oregon,Malheur,Bin 5
41039,Oregon,Lane,Bin 6
41001,Oregon,Baker,Bin 6
42125,Pennsylvania,Washington,Bin 4
44005,Rhode Island,Newport,Bin 6
45007,South Carolina,Anderson,Bin 5
45083,South Carolina,Spartanburg,Bin 5
46127,South Dakota,Union,Bin 2
04009,Arizona,Graham,Bin 5
47183,Tennessee,Weakley,Bin 3
48071,Texas,Chambers,Bin 2
48377,Texas,Presidio,Bin 6
48087,Texas,Collingsworth,Bin 2
49025,Utah,Kane,Bin 2
49005,Utah,Cache,Bin 5
49003,Utah,Box Elder,Bin 2
50009,Vermont,Essex,Bin 6
51141,Virginia,Patrick,Bin 3
51027,Virginia,Buchanan,Bin 2
51093,Virginia,Isle of Wight,Bin 4
51095,Virginia,James City,Bin 1
54065,West Virginia,Morgan,Bin 6
54023,West Virginia,Grant,Bin 3
55075,Wisconsin,Marinette,Bin 2
56005,Wyoming,Campbell,Bin 6
05039,Arkansas,Dallas,Bin 2
05117,Arkansas,Prairie,Bin 2
05067,Arkansas,Jackson,Bin 3
05075,Arkansas,Lawrence,Bin 2
48269,Texas,King,Bin 6
48345,Texas,Motley,Bin 6
51111,Virginia,Lunenburg,Bin 4
51177,Virginia,Spotsylvania,Bin 5
51087,Virginia,Henrico,Bin 6
51101,Virginia,King William,Bin 5
51155,Virginia,Pulaski,Bin 4
51187,Virginia,Warren,Bin 6
51137,Virginia,Orange,Bin 6
51067,Virginia,Franklin,Bin 6
51139,Virginia,Page,Bin 4
51127,Virginia,New Kent,Bin 6
51125,Virginia,Nelson,Bin 3
51145,Virginia,Powhatan,Bin 6
51075,Virginia,Goochland,Bin 6
51037,Virginia,Charlotte,Bin 5
51063,Virginia,Floyd,Bin 3
51097,Virginia,King and Queen,Bin 5
53007,Washington,Chelan,Bin 4
53037,Washington,Kittitas,Bin 4
53041,Washington,Lewis,Bin 4
53025,Washington,Grant,Bin 6
54021,West Virginia,Gilmer,Bin 4
54033,West Virginia,Harrison,Bin 3
54017,West Virginia,Doddridge,Bin 3
54085,West Virginia,Ritchie,Bin 3
54005,West Virginia,Boone,Bin 2
54093,West Virginia,Tucker,Bin 4
54087,West Virginia,Roane,Bin 4
54001,West Virginia,Barbour,Bin 3
54013,West Virginia,Calhoun,Bin 4
55111,Wisconsin,Sauk,Bin 3
55113,Wisconsin,Sawyer,Bin 6
55001,Wisconsin,Adams,Bin 4
01003,Alabama,Baldwin,Bin 2
01005,Alabama,Barbour,Bin 2
01129,Alabama,Washington,Bin 2
01107,Alabama,Pickens,Bin 3
01049,Alabama,DeKalb,Bin 2
21089,Kentucky,Greenup,Bin 2
04027,Arizona,Yuma,Bin 6
05091,Arkansas,Miller,Bin 4
05081,Arkansas,Little River,Bin 5
06065,California,Riverside,Bin 5
06013,California,Contra Costa,Bin 4
06023,California,Humboldt,Bin 5
08023,Colorado,Costilla,Bin 6
08069,Colorado,Larimer,Bin 6
08107,Colorado,Routt,Bin 5
09110,Connecticut,Capitol,Bin 6
12123,Florida,Taylor,Bin 4
12101,Florida,Pasco,Bin 3
12033,Florida,Escambia,Bin 3
12089,Florida,Nassau,Bin 5
13039,Georgia,Camden,Bin 4
13181,Georgia,Lincoln,Bin 4
13313,Georgia,Whitfield,Bin 4
13033,Georgia,Burke,Bin 5
16029,Idaho,Caribou,Bin 2
16007,Idaho,Bear Lake,Bin 3
17003,Illinois,Alexander,Bin 2
18123,Indiana,Perry,Bin 5
20075,Kansas,Hamilton,Bin 6
32003,Nevada,Clark,Bin 6
22051,Louisiana,Jefferson,Bin 2
04021,Arizona,Pinal,Bin 6
26099,Michigan,Macomb,Bin 3
26147,Michigan,St. Clair,Bin 4
12105,Florida,Polk,Bin 4
19149,Iowa,Plymouth,Bin 2
36061,New York,New York,Bin 1
20131,Kansas,Nemaha,Bin 2
01001,Alabama,Autauga,Bin 4
01025,Alabama,Clarke,Bin 3
40113,Oklahoma,Osage,Bin 4
36059,New York,Nassau,Bin 2
21095,Kentucky,Harlan,Bin 2
36111,New York,Ulster,Bin 5
48061,Texas,Cameron,Bin 2
21127,Kentucky,Lawrence,Bin 3
22087,Louisiana,St. Bernard,Bin 2
01047,Alabama,Dallas,Bin 3
22085,Louisiana,Sabine,Bin 3
22119,Louisiana,Webster,Bin 6
23015,Maine,Lincoln,Bin 2
01035,Alabama,Conecuh,Bin 4
24009,Maryland,Calvert,Bin 1
24043,Maryland,Washington,Bin 6
26055,Michigan,Grand Traverse,Bin 4
26013,Michigan,Baraga,Bin 5
26071,Michigan,Iron,Bin 3
27069,Minnesota,Kittson,Bin 3
27089,Minnesota,Marshall,Bin 2
28103,Mississippi,Noxubee,Bin 4
29143,Missouri,New Madrid,Bin 2
29095,Missouri,Jackson,Bin 5
29157,Missouri,Perry,Bin 3
30061,Montana,Mineral,Bin 2
30083,Montana,Richland,Bin 6
30057,Montana,Madison,Bin 2
32009,Nevada,Esmeralda,Bin 6
34033,New Jersey,Salem,Bin 5
34007,New Jersey,Camden,Bin 6
34015,New Jersey,Gloucester,Bin 6
37087,North Carolina,Haywood,Bin 3
37021,North Carolina,Buncombe,Bin 4
37065,North Carolina,Edgecombe,Bin 4
38059,North Dakota,Morton,Bin 4
38055,North Dakota,McLean,Bin 2
38007,North Dakota,Billings,Bin 6
40111,Oklahoma,Okmulgee,Bin 3
41005,Oregon,Clackamas,Bin 6
41003,Oregon,Benton,Bin 6
41023,Oregon,Grant,Bin 4
42003,Pennsylvania,Allegheny,Bin 6
42041,Pennsylvania,Cumberland,Bin 6
42067,Pennsylvania,Juniata,Bin 4
45075,South Carolina,Orangeburg,Bin 4
45067,South Carolina,Marion,Bin 5
45009,South Carolina,Bamberg,Bin 4
46137,South Dakota,Ziebach,Bin 6
12045,Florida,Gulf,Bin 2
12029,Florida,Dixie,Bin 2
12129,Florida,Wakulla,Bin 3
17097,Illinois,Lake,Bin 6
16087,Idaho,Washington,Bin 6
05009,Arkansas,Boone,Bin 4
06073,California,San Diego,Bin 5
06053,California,Monterey,Bin 6
06045,California,Mendocino,Bin 5
06017,California,El Dorado,Bin 6
06093,California,Siskiyou,Bin 5
08113,Colorado,San Miguel,Bin 2
08071,Colorado,Las Animas,Bin 5
08057,Colorado,Jackson,Bin 6
22107,Louisiana,Tensas,Bin 3
22017,Louisiana,Caddo,Bin 5
23027,Maine,Waldo,Bin 2
23017,Maine,Oxford,Bin 6
24025,Maryland,Harford,Bin 1
24047,Maryland,Worcester,Bin 1
24003,Maryland,Anne Arundel,Bin 2
24023,Maryland,Garrett,Bin 4
37029,North Carolina,Camden,Bin 3
37161,North Carolina,Rutherford,Bin 3
38035,North Dakota,Grand Forks,Bin 3
39161,Ohio,Van Wert,Bin 3
41019,Oregon,Douglas,Bin 5
42111,Pennsylvania,Somerset,Bin 2
42045,Pennsylvania,Delaware,Bin 5
42103,Pennsylvania,Pike,Bin 5
45019,South Carolina,Charleston,Bin 2
45003,South Carolina,Aiken,Bin 5
45021,South Carolina,Cherokee,Bin 4
45057,South Carolina,Lancaster,Bin 4
28109,Mississippi,Pearl River,Bin 3
29023,Missouri,Butler,Bin 2
47063,Tennessee,Hamblen,Bin 4
47187,Tennessee,Williamson,Bin 6
47117,Tennessee,Marshall,Bin 5
48473,Texas,Waller,Bin 6
48161,Texas,Freestone,Bin 5
48453,Texas,Travis,Bin 5
48495,Texas,Winkler,Bin 5
48491,Texas,Williamson,Bin 6
48423,Texas,Smith,Bin 5
48461,Texas,Upton,Bin 2
48373,Texas,Polk,Bin 6
48241,Texas,Jasper,Bin 3
48449,Texas,Titus,Bin 3
48389,Texas,Reeves,Bin 2
48437,Texas,Swisher,Bin 2
48173,Texas,Glasscock,Bin 6
49057,Utah,Weber,Bin 6
49047,Utah,Uintah,Bin 6
49029,Utah,Morgan,Bin 2
49017,Utah,Garfield,Bin 2
51003,Virginia,Albemarle,Bin 5
51840,Virginia,Winchester,Bin 5
51163,Virginia,Rockbridge,Bin 6
54081,West Virginia,Raleigh,Bin 4
54083,West Virginia,Randolph,Bin 4
54007,West Virginia,Braxton,Bin 3
55099,Wisconsin,Price,Bin 4
56035,Wyoming,Sublette,Bin 2
06039,California,Madera,Bin 5
06033,California,Lake,Bin 3
08037,Colorado,Eagle,Bin 5
08109,Colorado,Saguache,Bin 6
09140,Connecticut,Naugatuck Valley,Bin 4
12001,Florida,Alachua,Bin 6
13303,Georgia,Washington,Bin 3
13157,Georgia,Jackson,Bin 5
13309,Georgia,Wheeler,Bin 4
13171,Georgia,Lamar,Bin 5
13221,Georgia,Oglethorpe,Bin 4
13317,Georgia,Wilkes,Bin 5
13079,Georgia,Crawford,Bin 2
13141,Georgia,Hancock,Bin 3
13025,Georgia,Brantley,Bin 3
16035,Idaho,Clearwater,Bin 2
17175,Illinois,Stark,Bin 4
18125,Indiana,Pike,Bin 6
19107,Iowa,Keokuk,Bin 2
19017,Iowa,Bremer,Bin 4
19081,Iowa,Hancock,Bin 2
20149,Kansas,Pottawatomie,Bin 3
21067,Kentucky,Fayette,Bin 5
21049,Kentucky,Clark,Bin 3
21051,Kentucky,Clay,Bin 2
21043,Kentucky,Carter,Bin 2
21229,Kentucky,Washington,Bin 4
21033,Kentucky,Caldwell,Bin 3
22099,Louisiana,St. Martin,Bin 2
22063,Louisiana,Livingston,Bin 3
22033,Louisiana,East Baton Rouge,Bin 3
22059,Louisiana,LaSalle,Bin 2
22021,Louisiana,Caldwell,Bin 3
25015,Massachusetts,Hampshire,Bin 6
26079,Michigan,Kalkaska,Bin 6
27023,Minnesota,Chippewa,Bin 6
27125,Minnesota,Red Lake,Bin 6
28049,Mississippi,Hinds,Bin 5
28053,Mississippi,Humphreys,Bin 4
29195,Missouri,Saline,Bin 4
29169,Missouri,Pulaski,Bin 4
30015,Montana,Chouteau,Bin 2
30073,Montana,Pondera,Bin 2
31093,Nebraska,Howard,Bin 6
31113,Nebraska,Logan,Bin 6
31103,Nebraska,Keya Paha,Bin 6
35043,New Mexico,Sandoval,Bin 6
36077,New York,Otsego,Bin 5
36067,New York,Onondaga,Bin 6
28007,Mississippi,Attala,Bin 4
28029,Mississippi,Copiah,Bin 3
29015,Missouri,Benton,Bin 2
29041,Missouri,Chariton,Bin 6
30087,Montana,Rosebud,Bin 5
30055,Montana,McCone,Bin 6
31077,Nebraska,Greeley,Bin 3
51041,Virginia,Chesterfield,Bin 5
51005,Virginia,Alleghany,Bin 4
51017,Virginia,Bath,Bin 5
53065,Washington,Stevens,Bin 4
13307,Georgia,Webster,Bin 3
56003,Wyoming,Big Horn,Bin 2
01097,Alabama,Mobile,Bin 4
04005,Arizona,Coconino,Bin 6
06111,California,Ventura,Bin 5
13127,Georgia,Glynn,Bin 2
01115,Alabama,St. Clair,Bin 3
18061,Indiana,Harrison,Bin 6
22105,Louisiana,Tangipahoa,Bin 2
06101,California,Sutter,Bin 4
36013,New York,Chautauqua,Bin 3
46095,South Dakota,Mellette,Bin 2
23013,Maine,Knox,Bin 2
24013,Maryland,Carroll,Bin 5
21093,Kentucky,Hardin,Bin 3
27031,Minnesota,Cook,Bin 2
34011,New Jersey,Cumberland,Bin 5
34021,New Jersey,Mercer,Bin 5
39123,Ohio,Ottawa,Bin 4
45069,South Carolina,Marlboro,Bin 4
30089,Montana,Sanders,Bin 2
32031,Nevada,Washoe,Bin 6
33009,New Hampshire,Grafton,Bin 6
35039,New Mexico,Rio Arriba,Bin 6
35055,New Mexico,Taos,Bin 6
36009,New York,Cattaraugus,Bin 4
36105,New York,Sullivan,Bin 3
17043,Illinois,DuPage,Bin 6
27051,Minnesota,Grant,Bin 3
18083,Indiana,Knox,Bin 4
19195,Iowa,Worth,Bin 4
12095,Florida,Orange,Bin 5
26089,Michigan,Leelanau,Bin 2
19125,Iowa,Marion,Bin 6
01055,Alabama,Etowah,Bin 2
36065,New York,Oneida,Bin 6
21101,Kentucky,Henderson,Bin 3
21195,Kentucky,Pike,Bin 2
48361,Texas,Orange,Bin 5
01109,Alabama,Pike,Bin 3
19147,Iowa,Palo Alto,Bin 5
19161,Iowa,Sac,Bin 2
21029,Kentucky,Bullitt,Bin 5
21155,Kentucky,Marion,Bin 3
21121,Kentucky,Knox,Bin 2
21005,Kentucky,Anderson,Bin 6
21099,Kentucky,Hart,Bin 2
47163,Tennessee,Sullivan,Bin 5
47091,Tennessee,Johnson,Bin 4
48167,Texas,Galveston,Bin 3
48007,Texas,Aransas,Bin 1
48465,Texas,Val Verde,Bin 6
48403,Texas,Sabine,Bin 3
48315,Texas,Marion,Bin 3
49033,Utah,Rich,Bin 2
51153,Virginia,Prince William,Bin 5
51171,Virginia,Shenandoah,Bin 4
53031,Washington,Jefferson,Bin 3
53011,Washington,Clark,Bin 6
53071,Washington,Walla Walla,Bin 6
53035,Washington,Kitsap,Bin 1
53019,Washington,Ferry,Bin 3
54011,West Virginia,Cabell,Bin 4
54073,West Virginia,Pleasants,Bin 3
05103,Arkansas,Ouachita,Bin 2
05061,Arkansas,Howard,Bin 3
05013,Arkansas,Calhoun,Bin 2
05095,Arkansas,Monroe,Bin 2
06021,California,Glenn,Bin 4
06043,California,Mariposa,Bin 4
08031,Colorado,Denver,Bin 6
08015,Colorado,Chaffee,Bin 5
13067,Georgia,Cobb,Bin 6
13029,Georgia,Bryan,Bin 2
13113,Georgia,Fayette,Bin 5
13217,Georgia,Newton,Bin 6
13319,Georgia,Wilkinson,Bin 2
13107,Georgia,Emanuel,Bin 2
17017,Illinois,Cass,Bin 5
17129,Illinois,Menard,Bin 4
35033,New Mexico,Mora,Bin 6
37101,North Carolina,Johnston,Bin 4
37079,North Carolina,Greene,Bin 3
37057,North Carolina,Davidson,Bin 4
37123,North Carolina,Montgomery,Bin 3
37199,North Carolina,Yancey,Bin 4
38031,North Dakota,Foster,Bin 4
47021,Tennessee,Cheatham,Bin 5
48257,Texas,Kaufman,Bin 4
48277,Texas,Lamar,Bin 5
48005,Texas,Angelina,Bin 6
48507,Texas,Zavala,Bin 6
48401,Texas,Rusk,Bin 4
48003,Texas,Andrews,Bin 2
48395,Texas,Robertson,Bin 3
48371,Texas,Pecos,Bin 2
48051,Texas,Burleson,Bin 6
48239,Texas,Jackson,Bin 5
40117,Oklahoma,Pawnee,Bin 3
40027,Oklahoma,Cleveland,Bin 5
40077,Oklahoma,Latimer,Bin 2
42099,Pennsylvania,Perry,Bin 6
45077,South Carolina,Pickens,Bin 6
45059,South Carolina,Laurens,Bin 5
45085,South Carolina,Sumter,Bin 2
45061,South Carolina,Lee,Bin 3
46041,South Dakota,Dewey,Bin 4
46069,South Dakota,Hyde,Bin 6
47149,Tennessee,Rutherford,Bin 5
22123,Louisiana,West Carroll,Bin 4
23023,Maine,Sagadahoc,Bin 1
28137,Mississippi,Tate,Bin 3
28161,Mississippi,Yalobusha,Bin 2
48351,Texas,Newton,Bin 3
51001,Virginia,Accomack,Bin 2
53009,Washington,Clallam,Bin 5
53047,Washington,Okanogan,Bin 2
55007,Wisconsin,Bayfield,Bin 5
08019,Colorado,Clear Creek,Bin 6
12093,Florida,Okeechobee,Bin 5
13031,Georgia,Bulloch,Bin 3
13183,Georgia,Long,Bin 2
17155,Illinois,Putnam,Bin 2
47145,Tennessee,Roane,Bin 4
47097,Tennessee,Lauderdale,Bin 2
48103,Texas,Crane,Bin 2
48237,Texas,Jack,Bin 2
48327,Texas,Menard,Bin 6
45041,South Carolina,Florence,Bin 4
21131,Kentucky,Leslie,Bin 3
22047,Louisiana,Iberville,Bin 2
27103,Minnesota,Nicollet,Bin 6
39003,Ohio,Allen,Bin 5
41047,Oregon,Marion,Bin 6
45015,South Carolina,Berkeley,Bin 5
48053,Texas,Burnet,Bin 3
48463,Texas,Uvalde,Bin 4
48311,Texas,McMullen,Bin 6
51085,Virginia,Hanover,Bin 6
51047,Virginia,Culpeper,Bin 6
10001,Delaware,Kent,Bin 6
13179,Georgia,Liberty,Bin 2
04012,Arizona,La Paz,Bin 4
06071,California,San Bernardino,Bin 5
39021,Ohio,Champaign,Bin 5
24045,Maryland,Wicomico,Bin 2
37165,North Carolina,Scotland,Bin 4
45043,South Carolina,Georgetown,Bin 4
26007,Michigan,Alpena,Bin 2
30081,Montana,Ravalli,Bin 2
36025,New York,Delaware,Bin 5
16027,Idaho,Canyon,Bin 6
27013,Minnesota,Blue Earth,Bin 6
06099,California,Stanislaus,Bin 5
19101,Iowa,Jefferson,Bin 4
01009,Alabama,Blount,Bin 2
21059,Kentucky,Daviess,Bin 3
48187,Texas,Guadalupe,Bin 6
22041,Louisiana,Franklin,Bin 2
22127,Louisiana,Winn,Bin 3
28119,Mississippi,Quitman,Bin 3
30099,Montana,Teton,Bin 2
30059,Montana,Meagher,Bin 2
51029,Virginia,Buckingham,Bin 2
51147,Virginia,Prince Edward,Bin 3
51031,Virginia,Campbell,Bin 5
54019,West Virginia,Fayette,Bin 4
54043,West Virginia,Lincoln,Bin 3
06025,California,Imperial,Bin 2
01119,Alabama,Sumter,Bin 4
05107,Arkansas,Phillips,Bin 2
06085,California,Santa Clara,Bin 6
06009,California,Calaveras,Bin 3
13191,Georgia,McIntosh,Bin 2
13215,Georgia,Muscogee,Bin 5
16059,Idaho,Lemhi,Bin 2
22005,Louisiana,Ascension,Bin 3
01051,Alabama,Elmore,Bin 4
46123,South Dakota,Tripp,Bin 4
22065,Louisiana,Madison,Bin 2
24031,Maryland,Montgomery,Bin 5
28149,Mississippi,Warren,Bin 3
37013,North Carolina,Beaufort,Bin 1
38087,North Dakota,Slope,Bin 6
48203,Texas,Harrison,Bin 5
48391,Texas,Refugio,Bin 2
49045,Utah,Tooele,Bin 2
51057,Virginia,Essex,Bin 6
54071,West Virginia,Pendleton,Bin 4
06103,California,Tehama,Bin 6
13089,Georgia,DeKalb,Bin 6
13123,Georgia,Gilmer,Bin 4
13075,Georgia,Cook,Bin 4
19069,Iowa,Franklin,Bin 2
21017,Kentucky,Bourbon,Bin 4
21069,Kentucky,Fleming,Bin 2
48057,Texas,Calhoun,Bin 2
51195,Virginia,Wise,Bin 2
53061,Washington,Snohomish,Bin 6
05001,Arkansas,Arkansas,Bin 2
05147,Arkansas,Woodruff,Bin 2
08013,Colorado,Boulder,Bin 6
12107,Florida,Putnam,Bin 5
13189,Georgia,McDuffie,Bin 4
13269,Georgia,Taylor,Bin 2
16033,Idaho,Clark,Bin 6
19083,Iowa,Hardin,Bin 4
21007,Kentucky,Ballard,Bin 2
22055,Louisiana,Lafayette,Bin 3
26119,Michigan,Montmorency,Bin 3
29029,Missouri,Camden,Bin 4
30077,Montana,Powell,Bin 4
37147,North Carolina,Pitt,Bin 5
37099,North Carolina,Jackson,Bin 3
38037,North Dakota,Grant,Bin 2
41043,Oregon,Linn,Bin 5
42005,Pennsylvania,Armstrong,Bin 5
47005,Tennessee,Benton,Bin 3
48133,Texas,Eastland,Bin 3
48155,Texas,Foard,Bin 3
51149,Virginia,Prince George,Bin 3
54045,West Virginia,Logan,Bin 2
08005,Colorado,Arapahoe,Bin 6
13103,Georgia,Effingham,Bin 4
04003,Arizona,Cochise,Bin 6
06083,California,Santa Barbara,Bin 5
06051,California,Mono,Bin 6
22101,Louisiana,St. Mary,Bin 2
22037,Louisiana,East Feliciana,Bin 3
24035,Maryland,Queen Anne's,Bin 3
37095,North Carolina,Hyde,Bin 5
37173,North Carolina,Swain,Bin 3
42101,Pennsylvania,Philadelphia,Bin 6
26029,Michigan,Charlevoix,Bin 4
29031,Missouri,Cape Girardeau,Bin 2
30031,Montana,Gallatin,Bin 3
33007,New Hampshire,Coos,Bin 6
16031,Idaho,Cassia,Bin 5
17185,Illinois,Wabash,Bin 6
26063,Michigan,Huron,Bin 2
27077,Minnesota,Lake of the Woods,Bin 2
36103,New York,Suffolk,Bin 2
46085,South Dakota,Lyman,Bin 4
18145,Indiana,Shelby,Bin 6
20097,Kansas,Kiowa,Bin 2
21125,Kentucky,Laurel,Bin 2
49035,Utah,Salt Lake,Bin 5
51790,Virginia,Staunton,Bin 4
11001,District of Columbia,District of Columbia,Bin 4
12039,Florida,Gadsden,Bin 5
17031,Illinois,Cook,Bin 6
06015,California,Del Norte,Bin 6
23025,Maine,Somerset,Bin 5
37031,North Carolina,Carteret,Bin 3
39095,Ohio,Lucas,Bin 4
25011,Massachusetts,Franklin,Bin 6
01063,Alabama,Greene,Bin 5
30071,Montana,Phillips,Bin 2
35007,New Mexico,Colfax,Bin 2
19089,Iowa,Howard,Bin 4
19045,Iowa,Clinton,Bin 4
01117,Alabama,Shelby,Bin 4
47037,Tennessee,Davidson,Bin 6
18107,Indiana,Montgomery,Bin 6
20161,Kansas,Riley,Bin 5
21205,Kentucky,Rowan,Bin 2
51119,Virginia,Middlesex,Bin 2
51199,Virginia,York,Bin 1
53075,Washington,Whitman,Bin 4
55029,Wisconsin,Door,Bin 4
55037,Wisconsin,Florence,Bin 5
06055,California,Napa,Bin 6
13139,Georgia,Hall,Bin 6
16077,Idaho,Power,Bin 2
17035,Illinois,Cumberland,Bin 3
37153,North Carolina,Richmond,Bin 3
37103,North Carolina,Jones,Bin 2
48073,Texas,Cherokee,Bin 4
48063,Texas,Camp,Bin 4
19021,Iowa,Buena Vista,Bin 6
21151,Kentucky,Madison,Bin 2
45029,South Carolina,Colleton,Bin 5
47151,Tennessee,Scott,Bin 2
48141,Texas,El Paso,Bin 5
51091,Virginia,Highland,Bin 6
51165,Virginia,Rockingham,Bin 4
53015,Washington,Cowlitz,Bin 6
08111,Colorado,San Juan,Bin 6
13135,Georgia,Gwinnett,Bin 6
13077,Georgia,Coweta,Bin 4
13271,Georgia,Telfair,Bin 3
13283,Georgia,Treutlen,Bin 5
16023,Idaho,Butte,Bin 2
31171,Nebraska,Thomas,Bin 6
34013,New Jersey,Essex,Bin 1
36043,New York,Herkimer,Bin 6
37017,North Carolina,Bladen,Bin 3
38005,North Dakota,Benson,Bin 6
48001,Texas,Anderson,Bin 4
48199,Texas,Hardin,Bin 6
48243,Texas,Jeff Davis,Bin 6
45035,South Carolina,Dorchester,Bin 6
46055,South Dakota,Haakon,Bin 2
21065,Kentucky,Estill,Bin 2
22079,Louisiana,Rapides,Bin 3
23007,Maine,Franklin,Bin 5
27149,Minnesota,Stevens,Bin 6
28121,Mississippi,Rankin,Bin 5
30043,Montana,Jefferson,Bin 2
40013,Oklahoma,Bryan,Bin 2
51105,Virginia,Lee,Bin 3
05069,Arkansas,Jefferson,Bin 4
51053,Virginia,Dinwiddie,Bin 4
51830,Virginia,Williamsburg,Bin 1
54075,West Virginia,Pocahontas,Bin 4
05093,Arkansas,Mississippi,Bin 2
45063,South Carolina,Lexington,Bin 5
27027,Minnesota,Clay,Bin 6
33015,New Hampshire,Rockingham,Bin 5
41013,Oregon,Crook,Bin 4
45031,South Carolina,Darlington,Bin 3
13251,Georgia,Screven,Bin 4
05145,Arkansas,White,Bin 2
29069,Missouri,Dunklin,Bin 2
48329,Texas,Midland,Bin 6
51167,Virginia,Russell,Bin 3
12055,Florida,Highlands,Bin 5
18183,Indiana,Whitley,Bin 6
21197,Kentucky,Powell,Bin 3
22053,Louisiana,Jefferson Davis,Bin 4
51117,Virginia,Mecklenburg,Bin 5
19143,Iowa,Osceola,Bin 5
21071,Kentucky,Floyd,Bin 2
48323,Texas,Maverick,Bin 3
12133,Florida,Washington,Bin 4
37111,North Carolina,McDowell,Bin 3
48503,Texas,Young,Bin 4
46075,South Dakota,Jones,Bin 6
06095,California,Solano,Bin 6
12017,Florida,Citrus,Bin 3
13137,Georgia,Habersham,Bin 3
01085,Alabama,Lowndes,Bin 3
22113,Louisiana,Vermilion,Bin 3
25023,Massachusetts,Plymouth,Bin 2
27043,Minnesota,Faribault,Bin 5
29189,Missouri,St. Louis,Bin 6
35017,New Mexico,Grant,Bin 6
37139,North Carolina,Pasquotank,Bin 2
42055,Pennsylvania,Franklin,Bin 5
48043,Texas,Brewster,Bin 2
53073,Washington,Whatcom,Bin 5
55043,Wisconsin,Grant,Bin 4
05023,Arkansas,Cleburne,Bin 2
13019,Georgia,Berrien,Bin 3
18051,Indiana,Gibson,Bin 5
21177,Kentucky,Muhlenberg,Bin 2
22097,Louisiana,St. Landry,Bin 2
23021,Maine,Piscataquis,Bin 6
27021,Minnesota,Cass,Bin 4
35037,New Mexico,Quay,Bin 2
37023,North Carolina,Burke,Bin 3
41061,Oregon,Union,Bin 4
42097,Pennsylvania,Northumberland,Bin 5
47035,Tennessee,Cumberland,Bin 3
48333,Texas,Mills,Bin 2
01061,Alabama,Geneva,Bin 2
01039,Alabama,Covington,Bin 3
01111,Alabama,Randolph,Bin 2
01059,Alabama,Franklin,Bin 2
01093,Alabama,Marion,Bin 2
05127,Arkansas,Scott,Bin 2
05077,Arkansas,Lee,Bin 2
05005,Arkansas,Baxter,Bin 4
05105,Arkansas,Perry,Bin 2
06049,California,Modoc,Bin 6
08063,Colorado,Kit Carson,Bin 2
08125,Colorado,Yuma,Bin 2
08099,Colorado,Prowers,Bin 5
12087,Florida,Monroe,Bin 2
12021,Florida,Collier,Bin 5
45089,South Carolina,Williamsburg,Bin 5
21203,Kentucky,Rockcastle,Bin 2
22013,Louisiana,Bienville,Bin 5
26137,Michigan,Otsego,Bin 6
30093,Montana,Silver Bow,Bin 5
36115,New York,Washington,Bin 6
42059,Pennsylvania,Greene,Bin 4
47025,Tennessee,Claiborne,Bin 2
48215,Texas,Hidalgo,Bin 2
05029,Arkansas,Conway,Bin 3
51019,Virginia,Bedford,Bin 5
51685,Virginia,Manassas Park,
54067,West Virginia,Nicholas,Bin 3
16079,Idaho,Shoshone,Bin 5
06077,California,San Joaquin,Bin 5
24029,Maryland,Kent,Bin 5
34003,New Jersey,Bergen,Bin 1
39073,Ohio,Hocking,Bin 5
06027,California,Inyo,Bin 4
37115,North Carolina,Madison,Bin 5
27173,Minnesota,Yellow Medicine,Bin 4
48481,Texas,Wharton,Bin 5
48169,Texas,Garza,Bin 2
13209,Georgia,Montgomery,Bin 4
17189,Illinois,Washington,Bin 2
21031,Kentucky,Butler,Bin 3
51530,Virginia,Buena Vista,Bin 6
30003,Montana,Big Horn,Bin 5
36095,New York,Schoharie,Bin 6
21217,Kentucky,Taylor,Bin 2
12027,Florida,DeSoto,Bin 5
47041,Tennessee,DeKalb,Bin 4
45065,South Carolina,McCormick,Bin 3
08053,Colorado,Hinsdale,Bin 6
21085,Kentucky,Grayson,Bin 2
34027,New Jersey,Morris,Bin 4
51007,Virginia,Amelia,Bin 4
09130,Connecticut,Lower Connecticut River Valley,Bin 2
20203,Kansas,Wichita,Bin 2
17071,Illinois,Henderson,Bin 4
16071,Idaho,Oneida,Bin 2
16055,Idaho,Kootenai,Bin 4
17127,Illinois,Massac,Bin 2
17157,Illinois,Randolph,Bin 2
12015,Florida,Charlotte,Bin 2
12059,Florida,Holmes,Bin 3
12079,Florida,Madison,Bin 5
12003,Florida,Baker,Bin 6
13285,Georgia,Troup,Bin 3
13233,Georgia,Polk,Bin 4
17163,Illinois,St. Clair,Bin 4
13047,Georgia,Catoosa,Bin 4
13295,Georgia,Walker,Bin 4
13131,Georgia,Grady,Bin 5
13253,Georgia,Seminole,Bin 3
13061,Georgia,Clay,Bin 3
17117,Illinois,Macoupin,Bin 2
13045,Georgia,Carroll,Bin 3
17093,Illinois,Kendall,Bin 6
18029,Indiana,Dearborn,Bin 5
18001,Indiana,Adams,Bin 6
18151,Indiana,Steuben,Bin 6
18007,Indiana,Benton,Bin 5
26017,Michigan,Bay,Bin 2
26049,Michigan,Genesee,Bin 5
26021,Michigan,Berrien,Bin 6
17149,Illinois,Pike,Bin 3
17013,Illinois,Calhoun,Bin 4
17201,Illinois,Winnebago,Bin 6
18043,Indiana,Floyd,Bin 6
19139,Iowa,Muscatine,Bin 5
27035,Minnesota,Crow Wing,Bin 4
17057,Illinois,Fulton,Bin 4
17025,Illinois,Clay,Bin 5
18167,Indiana,Vigo,Bin 5
20209,Kansas,Wyandotte,Bin 5
17099,Illinois,LaSalle,Bin 4
20005,Kansas,Atchison,Bin 3
36003,New York,Allegany,Bin 3
21111,Kentucky,Jefferson,Bin 6
40049,Oklahoma,Garvin,Bin 2
45053,South Carolina,Jasper,Bin 2
26145,Michigan,Saginaw,Bin 4
19145,Iowa,Page,Bin 4
18057,Indiana,Hamilton,Bin 6
19085,Iowa,Harrison,Bin 3
26117,Michigan,Montcalm,Bin 3
19177,Iowa,Van Buren,Bin 2
26121,Michigan,Muskegon,Bin 4
19119,Iowa,Lyon,Bin 4
26105,Michigan,Mason,Bin 5
27047,Minnesota,Freeborn,Bin 5
20011,Kansas,Bourbon,Bin 5
20043,Kansas,Doniphan,Bin 6
20137,Kansas,Norton,Bin 3
20117,Kansas,Marshall,Bin 2
20129,Kansas,Morton,Bin 2
20175,Kansas,Seward,Bin 5
26043,Michigan,Dickinson,Bin 5
26157,Michigan,Tuscola,Bin 3
26011,Michigan,Arenac,Bin 2
26127,Michigan,Oceana,Bin 2
26061,Michigan,Houghton,Bin 3
27133,Minnesota,Rock,Bin 6
46083,South Dakota,Lincoln,Bin 3
46099,South Dakota,Minnehaha,Bin 6
46091,South Dakota,Marshall,Bin 2
01103,Alabama,Morgan,Bin 2
21161,Kentucky,Mason,Bin 3
21141,Kentucky,Logan,Bin 2
25005,Massachusetts,Bristol,Bin 2
21185,Kentucky,Oldham,Bin 6
36011,New York,Cayuga,Bin 6
26033,Michigan,Chippewa,Bin 3
01105,Alabama,Perry,Bin 2
40143,Oklahoma,Tulsa,Bin 5
01013,Alabama,Butler,Bin 5
26027,Michigan,Cass,Bin 6
32019,Nevada,Lyon,Bin 6
33013,New Hampshire,Merrimack,Bin 6
46065,South Dakota,Hughes,Bin 3
46049,South Dakota,Faulk,Bin 2
46125,South Dakota,Turner,Bin 2
46111,South Dakota,Sanborn,Bin 6
09160,Connecticut,Northwest Hills,Bin 6
12081,Florida,Manatee,Bin 5
35049,New Mexico,Santa Fe,Bin 6
36069,New York,Ontario,Bin 5
46071,South Dakota,Jackson,Bin 6
46063,South Dakota,Harding,Bin 6
12115,Florida,Sarasota,Bin 2
12111,Florida,St. Lucie,Bin 5
13073,Georgia,Columbia,Bin 6
13291,Georgia,Union,Bin 5
12099,Florida,Palm Beach,Bin 5
36039,New York,Greene,Bin 6
36037,New York,Genesee,Bin 5
36049,New York,Lewis,Bin 6
49041,Utah,Sevier,Bin 5
50015,Vermont,Lamoille,Bin 6
51033,Virginia,Caroline,Bin 5
51065,Virginia,Fluvanna,Bin 2
12005,Florida,Bay,Bin 2
13087,Georgia,Decatur,Bin 3
21225,Kentucky,Union,Bin 2
39059,Ohio,Guernsey,Bin 5
39147,Ohio,Seneca,Bin 6
37183,North Carolina,Wake,Bin 5
37081,North Carolina,Guilford,Bin 4
51680,Virginia,Lynchburg,Bin 6
51183,Virginia,Sussex,Bin 2
51730,Virginia,Petersburg,Bin 2
13281,Georgia,Towns,Bin 5
13119,Georgia,Franklin,Bin 4
13149,Georgia,Heard,Bin 2
39049,Ohio,Franklin,Bin 6
39153,Ohio,Summit,Bin 6
37191,North Carolina,Wayne,Bin 3
37151,North Carolina,Randolph,Bin 2
37169,North Carolina,Stokes,Bin 4
51690,Virginia,Martinsville,Bin 5
51660,Virginia,Harrisonburg,Bin 3
51620,Virginia,Franklin,Bin 2
54015,West Virginia,Clay,Bin 3
01075,Alabama,Lamar,Bin 2
01019,Alabama,Cherokee,Bin 2
39173,Ohio,Wood,Bin 4
39013,Ohio,Belmont,Bin 4
37197,North Carolina,Yadkin,Bin 5
38003,North Dakota,Barnes,Bin 5
38101,North Dakota,Ward,Bin 2
54097,West Virginia,Upshur,Bin 4
55055,Wisconsin,Jefferson,Bin 6
55141,Wisconsin,Wood,Bin 6
01077,Alabama,Lauderdale,Bin 2
01083,Alabama,Limestone,Bin 2
47061,Tennessee,Grundy,Bin 3
47077,Tennessee,Henderson,Bin 3
38061,North Dakota,Mountrail,Bin 2
38049,North Dakota,McHenry,Bin 2
55133,Wisconsin,Waukesha,Bin 6
55119,Wisconsin,Taylor,Bin 4
56031,Wyoming,Platte,Bin 2
56043,Wyoming,Washakie,Bin 2
01015,Alabama,Calhoun,Bin 3
04019,Arizona,Pima,Bin 6
47087,Tennessee,Jackson,Bin 2
48135,Texas,Ector,Bin 6
48055,Texas,Caldwell,Bin 6
48445,Texas,Terry,Bin 2
39089,Ohio,Licking,Bin 5
39165,Ohio,Warren,Bin 6
39119,Ohio,Muskingum,Bin 6
56019,Wyoming,Johnson,Bin 4
04017,Arizona,Navajo,Bin 6
05113,Arkansas,Polk,Bin 3
05031,Arkansas,Craighead,Bin 3
48497,Texas,Wise,Bin 2
48069,Texas,Castro,Bin 2
48309,Texas,McLennan,Bin 5
39139,Ohio,Richland,Bin 6
39163,Ohio,Vinton,Bin 5
39027,Ohio,Clinton,Bin 3
39115,Ohio,Morgan,Bin 4
05027,Arkansas,Columbia,Bin 2
08007,Colorado,Archuleta,Bin 5
08081,Colorado,Moffat,Bin 6
08009,Colorado,Baca,Bin 2
48331,Texas,Milam,Bin 6
48091,Texas,Comal,Bin 4
48183,Texas,Gregg,Bin 5
39131,Ohio,Pike,Bin 3
40063,Oklahoma,Hughes,Bin 3
40019,Oklahoma,Carter,Bin 2
40137,Oklahoma,Stephens,Bin 2
08115,Colorado,Sedgwick,Bin 2
01021,Alabama,Chilton,Bin 3
21163,Kentucky,Meade,Bin 4
48195,Texas,Hansford,Bin 3
48353,Texas,Nolan,Bin 4
48031,Texas,Blanco,Bin 2
48297,Texas,Live Oak,Bin 3
48179,Texas,Gray,Bin 3
48123,Texas,DeWitt,Bin 2
40099,Oklahoma,Murray,Bin 2
40057,Oklahoma,Harmon,Bin 6
40029,Oklahoma,Coal,Bin 2
48285,Texas,Lavaca,Bin 2
48247,Texas,Jim Hogg,Bin 2
48045,Texas,Briscoe,Bin 6
48383,Texas,Reagan,Bin 2
48283,Texas,La Salle,Bin 2
48205,Texas,Hartley,Bin 2
48033,Texas,Borden,Bin 6
41067,Oregon,Washington,Bin 6
41071,Oregon,Yamhill,Bin 6
29017,Missouri,Bollinger,Bin 2
29139,Missouri,Montgomery,Bin 4
29179,Missouri,Reynolds,Bin 2
30019,Montana,Daniels,Bin 2
41069,Oregon,Wheeler,Bin 6
42019,Pennsylvania,Butler,Bin 6
31037,Nebraska,Colfax,Bin 2
31155,Nebraska,Saunders,Bin 3
42025,Pennsylvania,Carbon,Bin 5
42079,Pennsylvania,Luzerne,Bin 5
31047,Nebraska,Dawson,Bin 4
31059,Nebraska,Fillmore,Bin 2
31123,Nebraska,Morrill,Bin 2
31181,Nebraska,Webster,Bin 2
42087,Pennsylvania,Mifflin,Bin 3
42053,Pennsylvania,Forest,Bin 3
38065,North Dakota,Oliver,Bin 6
08103,Colorado,Rio Blanco,Bin 4
08075,Colorado,Logan,Bin 3
31179,Nebraska,Wayne,Bin 4
31073,Nebraska,Gosper,Bin 6
31069,Nebraska,Garden,Bin 2
45037,South Carolina,Edgefield,Bin 4
45039,South Carolina,Fairfield,Bin 6
19019,Iowa,Buchanan,Bin 3
19073,Iowa,Greene,Bin 6
19077,Iowa,Guthrie,Bin 4
19029,Iowa,Cass,Bin 4
19047,Iowa,Crawford,Bin 6
19117,Iowa,Lucas,Bin 6
29067,Missouri,Douglas,Bin 4
29151,Missouri,Osage,Bin 3
29121,Missouri,Macon,Bin 4
39099,Ohio,Mahoning,Bin 4
40001,Oklahoma,Adair,Bin 3
05125,Arkansas,Saline,Bin 3
05137,Arkansas,Stone,Bin 2
19091,Iowa,Humboldt,Bin 3
19099,Iowa,Jasper,Bin 6
19009,Iowa,Audubon,Bin 6
19003,Iowa,Adams,Bin 5
19093,Iowa,Ida,Bin 4
29061,Missouri,Daviess,Bin 6
29049,Missouri,Clinton,Bin 2
29063,Missouri,DeKalb,Bin 2
40041,Oklahoma,Delaware,Bin 4
40115,Oklahoma,Ottawa,Bin 4
41025,Oregon,Harney,Bin 6
05051,Arkansas,Garland,Bin 3
05101,Arkansas,Newton,Bin 2
05109,Arkansas,Pike,Bin 2
06063,California,Plumas,Bin 2
08001,Colorado,Adams,Bin 6
08047,Colorado,Gilpin,Bin 4
20087,Kansas,Jefferson,Bin 2
20205,Kansas,Wilson,Bin 2
20111,Kansas,Lyon,Bin 4
20167,Kansas,Russell,Bin 2
20057,Kansas,Ford,Bin 3
29071,Missouri,Franklin,Bin 3
29167,Missouri,Polk,Bin 5
29055,Missouri,Crawford,Bin 2
41041,Oregon,Lincoln,Bin 6
41057,Oregon,Tillamook,Bin 5
08095,Colorado,Phillips,Bin 2
08121,Colorado,Washington,Bin 6
12019,Florida,Clay,Bin 5
20197,Kansas,Wabaunsee,Bin 6
20061,Kansas,Geary,Bin 3
20105,Kansas,Lincoln,Bin 2
27011,Minnesota,Big Stone,Bin 5
27017,Minnesota,Carlton,Bin 6
41027,Oregon,Hood River,Bin 6
42117,Pennsylvania,Tioga,Bin 6
42123,Pennsylvania,Warren,Bin 2
45073,South Carolina,Oconee,Bin 4
12067,Florida,Lafayette,Bin 2
13057,Georgia,Cherokee,Bin 6
20017,Kansas,Chase,Bin 6
20083,Kansas,Hodgeman,Bin 2
21157,Kentucky,Marshall,Bin 2
21211,Kentucky,Shelby,Bin 5
28059,Mississippi,Jackson,Bin 2
28057,Mississippi,Itawamba,Bin 4
46101,South Dakota,Moody,Bin 6
47131,Tennessee,Obion,Bin 3
13129,Georgia,Gordon,Bin 3
13231,Georgia,Pike,Bin 3
21073,Kentucky,Franklin,Bin 5
21199,Kentucky,Pulaski,Bin 3
21215,Kentucky,Spencer,Bin 3
28093,Mississippi,Marshall,Bin 3
29145,Missouri,Newton,Bin 3
47067,Tennessee,Hancock,Bin 3
47103,Tennessee,Lincoln,Bin 4
48321,Texas,Matagorda,Bin 2
13011,Georgia,Banks,Bin 4
13167,Georgia,Johnson,Bin 3
21077,Kentucky,Gallatin,Bin 2
21201,Kentucky,Robertson,Bin 4
29133,Missouri,Mississippi,Bin 2
29163,Missouri,Pike,Bin 3
48337,Texas,Montague,Bin 3
48077,Texas,Clay,Bin 2
48295,Texas,Lipscomb,Bin 6
13299,Georgia,Ware,Bin 4
13085,Georgia,Dawson,Bin 6
13227,Georgia,Pickens,Bin 6
21087,Kentucky,Green,Bin 2
21045,Kentucky,Casey,Bin 3
29081,Missouri,Harrison,Bin 6
29217,Missouri,Vernon,Bin 5
30041,Montana,Hill,Bin 2
48079,Texas,Cochran,Bin 6
48487,Texas,Wilbarger,Bin 4
48117,Texas,Deaf Smith,Bin 5
49053,Utah,Washington,Bin 5
13125,Georgia,Glascock,Bin 3
13273,Georgia,Terrell,Bin 3
21039,Kentucky,Carlisle,Bin 2
22089,Louisiana,St. Charles,Bin 4
31135,Nebraska,Perkins,Bin 2
31083,Nebraska,Harlan,Bin 6
31055,Nebraska,Douglas,Bin 5
49021,Utah,Iron,Bin 5
50005,Vermont,Caledonia,Bin 6
50001,Vermont,Addison,Bin 4
13173,Georgia,Lanier,Bin 5
13169,Georgia,Jones,Bin 5
22049,Louisiana,Jackson,Bin 3
23001,Maine,Androscoggin,Bin 4
26067,Michigan,Ionia,Bin 4
31065,Nebraska,Furnas,Bin 2
31051,Nebraska,Dixon,Bin 2
32007,Nevada,Elko,Bin 6
51650,Virginia,Hampton,Bin 1
51169,Virginia,Scott,Bin 3
13199,Georgia,Meriwether,Bin 3
26025,Michigan,Calhoun,Bin 5
26015,Michigan,Barry,Bin 3
26075,Michigan,Jackson,Bin 4
27147,Minnesota,Steele,Bin 6
32013,Nevada,Humboldt,Bin 5
33005,New Hampshire,Cheshire,Bin 6
34005,New Jersey,Burlington,Bin 5
35003,New Mexico,Catron,Bin 6
51740,Virginia,Portsmouth,Bin 6
51735,Virginia,Poquoson,Bin 1
13177,Georgia,Lee,Bin 6
27003,Minnesota,Anoka,Bin 6
27143,Minnesota,Sibley,Bin 4
27041,Minnesota,Douglas,Bin 3
35025,New Mexico,Lea,Bin 4
35035,New Mexico,Otero,Bin 6
36015,New York,Chemung,Bin 5
53063,Washington,Spokane,Bin 6
54061,West Virginia,Monongalia,Bin 4
16065,Idaho,Madison,Bin 6
17109,Illinois,McDonough,Bin 6
27059,Minnesota,Isanti,Bin 6
27093,Minnesota,Meeker,Bin 6
27083,Minnesota,Lyon,Bin 6
28081,Mississippi,Lee,Bin 4
28133,Mississippi,Sunflower,Bin 2
36007,New York,Broome,Bin 4
36055,New York,Monroe,Bin 5
54029,West Virginia,Hancock,Bin 5
55093,Wisconsin,Pierce,Bin 5
17021,Illinois,Christian,Bin 5
17135,Illinois,Montgomery,Bin 3
17191,Illinois,Wayne,Bin 5
28015,Mississippi,Carroll,Bin 2
28125,Mississippi,Sharkey,Bin 6
28069,Mississippi,Kemper,Bin 6
37171,North Carolina,Surry,Bin 3
37045,North Carolina,Cleveland,Bin 4
55061,Wisconsin,Kewaunee,Bin 5
55045,Wisconsin,Green,Bin 5
55091,Wisconsin,Pepin,Bin 2
18053,Indiana,Grant,Bin 6
18085,Indiana,Kosciusko,Bin 6
18045,Indiana,Fountain,Bin 5
18103,Indiana,Miami,Bin 6
28077,Mississippi,Lawrence,Bin 3
28129,Mississippi,Smith,Bin 3
29083,Missouri,Henry,Bin 3
29187,Missouri,St. Francois,Bin 5
38081,North Dakota,Sargent,Bin 2
38023,North Dakota,Divide,Bin 2
38009,North Dakota,Bottineau,Bin 2
56037,Wyoming,Sweetwater,Bin 6
56015,Wyoming,Goshen,Bin 2
05115,Arkansas,Pope,Bin 2
18131,Indiana,Pulaski,Bin 6
18095,Indiana,Madison,Bin 6
18055,Indiana,Greene,Bin 4
18073,Indiana,Jasper,Bin 6
29089,Missouri,Howard,Bin 2
29077,Missouri,Greene,Bin 5
29223,Missouri,Wayne,Bin 3
39001,Ohio,Adams,Bin 2
39081,Ohio,Jefferson,Bin 4
05149,Arkansas,Yell,Bin 2
05059,Arkansas,Hot Spring,Bin 3
18121,Indiana,Parke,Bin 5
18117,Indiana,Orange,Bin 6
19031,Iowa,Cedar,Bin 5
19049,Iowa,Dallas,Bin 6
18105,Indiana,Monroe,Bin 6
19001,Iowa,Adair,Bin 3
19037,Iowa,Chickasaw,Bin 3
20179,Kansas,Sheridan,Bin 2
20051,Kansas,Ellis,Bin 4
50017,Vermont,Orange,Bin 6
50007,Vermont,Chittenden,Bin 5
54059,West Virginia,Mingo,Bin 2
13071,Georgia,Colquitt,Bin 4
13235,Georgia,Pulaski,Bin 2
13243,Georgia,Randolph,Bin 4
17063,Illinois,Grundy,Bin 4
17139,Illinois,Moultrie,Bin 3
18113,Indiana,Noble,Bin 6
18015,Indiana,Carroll,Bin 6
20139,Kansas,Osage,Bin 2
20065,Kansas,Graham,Bin 2
20123,Kansas,Mitchell,Bin 2
20145,Kansas,Pawnee,Bin 3
20055,Kansas,Finney,Bin 5
20187,Kansas,Stanton,Bin 2
50021,Vermont,Rutland,Bin 4
13091,Georgia,Dodge,Bin 3
13165,Georgia,Jenkins,Bin 3
18011,Indiana,Boone,Bin 6
18149,Indiana,Starke,Bin 6
47179,Tennessee,Washington,Bin 5
20031,Kansas,Coffey,Bin 3
20041,Kansas,Dickinson,Bin 2
20193,Kansas,Thomas,Bin 5
20067,Kansas,Grant,Bin 2
20049,Kansas,Elk,Bin 2
51035,Virginia,Carroll,Bin 3
51810,Virginia,Virginia Beach,Bin 1
31071,Nebraska,Garfield,Bin 2
31009,Nebraska,Blaine,Bin 5
31007,Nebraska,Banner,Bin 6
31149,Nebraska,Rock,Bin 6
32001,Nevada,Churchill,Bin 6
47017,Tennessee,Carroll,Bin 4
47113,Tennessee,Madison,Bin 5
47071,Tennessee,Hardin,Bin 3
20159,Kansas,Rice,Bin 4
20025,Kansas,Clark,Bin 2
20141,Kansas,Osborne,Bin 2
21227,Kentucky,Warren,Bin 3
51590,Virginia,Danville,Bin 3
51115,Virginia,Mathews,Bin 5
32510,Nevada,Carson City,Bin 6
32029,Nevada,Storey,Bin 6
35061,New Mexico,Valencia,Bin 4
47043,Tennessee,Dickson,Bin 3
21149,Kentucky,McLean,Bin 2
21001,Kentucky,Adair,Bin 2
51800,Virginia,Suffolk,Bin 4
51025,Virginia,Brunswick,Bin 6
35057,New Mexico,Torrance,Bin 4
35047,New Mexico,San Miguel,Bin 4
35005,New Mexico,Chaves,Bin 3
47007,Tennessee,Bledsoe,Bin 3
47153,Tennessee,Sequatchie,Bin 4
21137,Kentucky,Lincoln,Bin 3
21021,Kentucky,Boyle,Bin 4
51043,Virginia,Clarke,Bin 5
53013,Washington,Columbia,Bin 2
35028,New Mexico,Los Alamos,Bin 6
36001,New York,Albany,Bin 6
54009,West Virginia,Brooke,Bin 4
54089,West Virginia,Summers,Bin 4
21129,Kentucky,Lee,Bin 4
21233,Kentucky,Webster,Bin 2
54055,West Virginia,Mercer,Bin 3
54077,West Virginia,Preston,Bin 2
37001,North Carolina,Alamance,Bin 5
37063,North Carolina,Durham,Bin 6
54035,West Virginia,Jackson,Bin 4
55127,Wisconsin,Walworth,Bin 6
21171,Kentucky,Monroe,Bin 4
21091,Kentucky,Hancock,Bin 5
54069,West Virginia,Ohio,Bin 5
05053,Arkansas,Grant,Bin 4
37035,North Carolina,Catawba,Bin 5
37109,North Carolina,Lincoln,Bin 4
55089,Wisconsin,Ozaukee,Bin 5
55009,Wisconsin,Brown,Bin 6
46135,South Dakota,Yankton,Bin 3
46053,South Dakota,Gregory,Bin 2
05083,Arkansas,Logan,Bin 2
05129,Arkansas,Searcy,Bin 2
06005,California,Amador,Bin 6
08089,Colorado,Otero,Bin 4
38015,North Dakota,Burleigh,Bin 2
55083,Wisconsin,Oconto,Bin 2
55071,Wisconsin,Manitowoc,Bin 5
46121,South Dakota,Todd,Bin 4
46039,South Dakota,Deuel,Bin 2
46011,South Dakota,Brookings,Bin 5
08101,Colorado,Pueblo,Bin 5
08003,Colorado,Alamosa,Bin 5
08011,Colorado,Bent,Bin 6
38057,North Dakota,Mercer,Bin 3
38091,North Dakota,Steele,Bin 6
38083,North Dakota,Sheridan,Bin 6
55065,Wisconsin,Lafayette,Bin 6
55125,Wisconsin,Vilas,Bin 4
55109,Wisconsin,St. Croix,Bin 4
46081,South Dakota,Lawrence,Bin 6
46031,South Dakota,Corson,Bin 6
08014,Colorado,Broomfield,Bin 6
12049,Florida,Hardee,Bin 6
12077,Florida,Liberty,Bin 2
13161,Georgia,Jeff Davis,Bin 2
13197,Georgia,Marion,Bin 3
56045,Wyoming,Weston,Bin 5
05047,Arkansas,Franklin,Bin 2
05123,Arkansas,St. Francis,Bin 3
47181,Tennessee,Wayne,Bin 2
13175,Georgia,Laurens,Bin 4
13081,Georgia,Crisp,Bin 5
13003,Georgia,Atkinson,Bin 3
01007,Alabama,Bibb,Bin 2
38011,North Dakota,Bowman,Bin 3
27117,Minnesota,Pipestone,Bin 5
29091,Missouri,Howell,Bin 3
47115,Tennessee,Marion,Bin 3
47095,Tennessee,Lake,Bin 2
13247,Georgia,Rockdale,Bin 6
13015,Georgia,Bartow,Bin 4
17169,Illinois,Schuyler,Bin 2
16047,Idaho,Gooding,Bin 2
29209,Missouri,Stone,Bin 3
31061,Nebraska,Franklin,Bin 2
17015,Illinois,Carroll,Bin 3
47125,Tennessee,Montgomery,Bin 5
47161,Tennessee,Stewart,Bin 4
13097,Georgia,Douglas,Bin 5
13321,Georgia,Worth,Bin 5
16037,Idaho,Custer,Bin 2
17005,Illinois,Bond,Bin 4
17187,Illinois,Warren,Bin 4
17145,Illinois,Perry,Bin 4
17065,Illinois,Hamilton,Bin 3
20015,Kansas,Butler,Bin 4
18047,Indiana,Franklin,Bin 5
19173,Iowa,Taylor,Bin 3
19109,Iowa,Kossuth,Bin 5
48489,Texas,Willacy,Bin 3
48479,Texas,Webb,Bin 3
48201,Texas,Harris,Bin 3
48165,Texas,Gaines,Bin 3
48369,Texas,Parmer,Bin 3
13063,Georgia,Clayton,Bin 6
13211,Georgia,Morgan,Bin 5
17159,Illinois,Richland,Bin 4
17079,Illinois,Jasper,Bin 4
17049,Illinois,Effingham,Bin 4
20125,Kansas,Montgomery,Bin 3
20039,Kansas,Decatur,Bin 2
20089,Kansas,Jewell,Bin 2
18059,Indiana,Hancock,Bin 6
48147,Texas,Fannin,Bin 4
48111,Texas,Dallam,Bin 6
50019,Vermont,Orleans,Bin 6
13005,Georgia,Bacon,Bin 3
13187,Georgia,Lumpkin,Bin 4
18099,Indiana,Marshall,Bin 6
19133,Iowa,Monona,Bin 2
19051,Iowa,Davis,Bin 6
19065,Iowa,Fayette,Bin 2
19015,Iowa,Boone,Bin 4
19183,Iowa,Washington,Bin 2
19113,Iowa,Linn,Bin 5
19039,Iowa,Clarke,Bin 6
41063,Oregon,Wallowa,Bin 4
41059,Oregon,Umatilla,Bin 6
33003,New Hampshire,Carroll,Bin 6
33019,New Hampshire,Sullivan,Bin 6
35009,New Mexico,Curry,Bin 6
19097,Iowa,Jackson,Bin 2
26073,Michigan,Isabella,Bin 6
19059,Iowa,Dickinson,Bin 6
19095,Iowa,Iowa,Bin 2
19135,Iowa,Monroe,Bin 6
19197,Iowa,Wright,Bin 2
20095,Kansas,Kingman,Bin 2
20113,Kansas,McPherson,Bin 4
20151,Kansas,Pratt,Bin 5
41029,Oregon,Jackson,Bin 4
42039,Pennsylvania,Crawford,Bin 4
35015,New Mexico,Eddy,Bin 4
36101,New York,Steuben,Bin 6
17067,Illinois,Hancock,Bin 2
16021,Idaho,Boundary,Bin 2
26125,Michigan,Oakland,Bin 5
26047,Michigan,Emmet,Bin 4
17179,Illinois,Tazewell,Bin 5
20045,Kansas,Douglas,Bin 4
20101,Kansas,Lane,Bin 2
20003,Kansas,Anderson,Bin 3
20073,Kansas,Greenwood,Bin 2
42015,Pennsylvania,Bradford,Bin 3
44001,Rhode Island,Bristol,Bin 1
45033,South Carolina,Dillon,Bin 4
25027,Massachusetts,Worcester,Bin 6
26097,Michigan,Mackinac,Bin 2
16081,Idaho,Teton,Bin 5
16057,Idaho,Latah,Bin 4
26035,Michigan,Clare,Bin 5
19167,Iowa,Sioux,Bin 2
27033,Minnesota,Cottonwood,Bin 6
39143,Ohio,Sandusky,Bin 6
22023,Louisiana,Cameron,Bin 5
26083,Michigan,Keweenaw,Bin 5
26159,Michigan,Van Buren,Bin 4
26149,Michigan,St. Joseph,Bin 6
16017,Idaho,Bonner,Bin 2
17085,Illinois,Jo Daviess,Bin 4
19103,Iowa,Johnson,Bin 4
27001,Minnesota,Aitkin,Bin 5
20007,Kansas,Barber,Bin 2
20121,Kansas,Miami,Bin 2
22027,Louisiana,Claiborne,Bin 4
22019,Louisiana,Calcasieu,Bin 5
24021,Maryland,Frederick,Bin 6
26153,Michigan,Schoolcraft,Bin 5
26009,Michigan,Antrim,Bin 5
17167,Illinois,Sangamon,Bin 6
16009,Idaho,Benewah,Bin 4
40109,Oklahoma,Oklahoma,Bin 4
40017,Oklahoma,Canadian,Bin 3
25009,Massachusetts,Essex,Bin 2
25019,Massachusetts,Nantucket,Bin 6
36073,New York,Orleans,Bin 5
36079,New York,Putnam,Bin 4
27063,Minnesota,Jackson,Bin 6
27169,Minnesota,Winona,Bin 5
27155,Minnesota,Traverse,Bin 5
17133,Illinois,Monroe,Bin 5
17059,Illinois,Gallatin,Bin 5
40015,Oklahoma,Caddo,Bin 2
01011,Alabama,Bullock,Bin 3
20147,Kansas,Phillips,Bin 2
36081,New York,Queens,Bin 2
36033,New York,Franklin,Bin 6
36083,New York,Rensselaer,Bin 6
27099,Minnesota,Mower,Bin 6
28047,Mississippi,Harrison,Bin 2
17181,Illinois,Union,Bin 5
17193,Illinois,White,Bin 5
20201,Kansas,Washington,Bin 2
20019,Kansas,Chautauqua,Bin 2
20119,Kansas,Meade,Bin 2
20077,Kansas,Harper,Bin 2
20199,Kansas,Wallace,Bin 2
36021,New York,Columbia,Bin 6
36107,New York,Tioga,Bin 4
28045,Mississippi,Hancock,Bin 2
28153,Mississippi,Wayne,Bin 2
28039,Mississippi,George,Bin 3
17101,Illinois,Lawrence,Bin 5
17131,Illinois,Mercer,Bin 3
17177,Illinois,Stephenson,Bin 6
36057,New York,Montgomery,Bin 6
01027,Alabama,Clay,Bin 2
21145,Kentucky,McCracken,Bin 2
37179,North Carolina,Union,Bin 4
29119,Missouri,McDonald,Bin 4
29213,Missouri,Taney,Bin 5
29011,Missouri,Barton,Bin 5
17203,Illinois,Woodford,Bin 4
20107,Kansas,Linn,Bin 2
29051,Missouri,Cole,Bin 4
36099,New York,Seneca,Bin 6
21117,Kentucky,Kenton,Bin 4
37011,North Carolina,Avery,Bin 3
37073,North Carolina,Gates,Bin 2
29021,Missouri,Buchanan,Bin 5
29165,Missouri,Platte,Bin 4
17113,Illinois,McLean,Bin 5
17115,Illinois,Macon,Bin 5
36109,New York,Tompkins,Bin 5
21037,Kentucky,Campbell,Bin 4
37185,North Carolina,Warren,Bin 4
38051,North Dakota,McIntosh,Bin 3
39135,Ohio,Preble,Bin 6
29147,Missouri,Nodaway,Bin 6
29111,Missouri,Lewis,Bin 2
29097,Missouri,Jasper,Bin 5
20091,Kansas,Johnson,Bin 4
21041,Kentucky,Carroll,Bin 2
48085,Texas,Collin,Bin 6
39015,Ohio,Brown,Bin 3
39105,Ohio,Meigs,Bin 5
29009,Missouri,Barry,Bin 4
29173,Missouri,Ralls,Bin 6
29129,Missouri,Mercer,Bin 6
34017,New Jersey,Hudson,Bin 1
18171,Indiana,Warren,Bin 6
55101,Wisconsin,Racine,Bin 6
18181,Indiana,White,Bin 6
18017,Indiana,Cass,Bin 6
18081,Indiana,Johnson,Bin 6
39111,Ohio,Monroe,Bin 3
39029,Ohio,Columbiana,Bin 5
30067,Montana,Park,Bin 2
30091,Montana,Sheridan,Bin 2
31105,Nebraska,Kimball,Bin 2
31029,Nebraska,Chase,Bin 2
17019,Illinois,Champaign,Bin 6
20173,Kansas,Sedgwick,Bin 5
18039,Indiana,Elkhart,Bin 6
18067,Indiana,Howard,Bin 6
18013,Indiana,Brown,Bin 6
18109,Indiana,Morgan,Bin 6
18003,Indiana,Allen,Bin 6
18169,Indiana,Wabash,Bin 6
39093,Ohio,Lorain,Bin 6
39155,Ohio,Trumbull,Bin 6
40003,Oklahoma,Alfalfa,Bin 2
31169,Nebraska,Thayer,Bin 2
31157,Nebraska,Scotts Bluff,Bin 3
31027,Nebraska,Cedar,Bin 2
18115,Indiana,Ohio,Bin 6
18177,Indiana,Wayne,Bin 5
18135,Indiana,Randolph,Bin 5
18137,Indiana,Ripley,Bin 4
18023,Indiana,Clinton,Bin 6
18133,Indiana,Putnam,Bin 5
40139,Oklahoma,Texas,Bin 2
40147,Oklahoma,Washington,Bin 4
40085,Oklahoma,Love,Bin 2
31015,Nebraska,Boyd,Bin 2
31025,Nebraska,Cass,Bin 5
26081,Michigan,Kent,Bin 6
17073,Illinois,Henry,Bin 2
19185,Iowa,Wayne,Bin 6
18025,Indiana,Crawford,Bin 6
18119,Indiana,Owen,Bin 5
19033,Iowa,Cerro Gordo,Bin 5
40129,Oklahoma,Roger Mills,Bin 2
31165,Nebraska,Sioux,Bin 6
31131,Nebraska,Otoe,Bin 4
32023,Nevada,Nye,Bin 6
26155,Michigan,Shiawassee,Bin 5
19053,Iowa,Decatur,Bin 6
19057,Iowa,Des Moines,Bin 5
55137,Wisconsin,Waushara,Bin 5
56009,Wyoming,Converse,Bin 5
56027,Wyoming,Niobrara,Bin 2
05135,Arkansas,Sharp,Bin 2
21023,Kentucky,Bracken,Bin 5
25007,Massachusetts,Dukes,Bin 6
25003,Massachusetts,Berkshire,Bin 6
17137,Illinois,Morgan,Bin 5
05035,Arkansas,Crittenden,Bin 4
39007,Ohio,Ashtabula,Bin 6
41049,Oregon,Morrow,Bin 3
05055,Arkansas,Greene,Bin 2
08085,Colorado,Montrose,Bin 5
26023,Michigan,Branch,Bin 6
34037,New Jersey,Sussex,Bin 5
36023,New York,Cortland,Bin 5
05089,Arkansas,Marion,Bin 3
42105,Pennsylvania,Potter,Bin 4
42085,Pennsylvania,Mercer,Bin 6
48431,Texas,Sterling,Bin 6
51770,Virginia,Roanoke,Bin 6
09120,Connecticut,Greater Bridgeport,Bin 3
12011,Florida,Broward,Bin 3
12127,Florida,Volusia,Bin 6
36097,New York,Schuyler,Bin 6
36041,New York,Hamilton,Bin 6
37195,North Carolina,Wilson,Bin 5
27025,Minnesota,Chisago,Bin 5
27091,Minnesota,Martin,Bin 6
26001,Michigan,Alcona,Bin 2
51011,Virginia,Appomattox,Bin 4
51173,Virginia,Smyth,Bin 3
13145,Georgia,Harris,Bin 3
13143,Georgia,Haralson,Bin 3
13083,Georgia,Dade,Bin 3
37003,North Carolina,Alexander,Bin 5
37189,North Carolina,Watauga,Bin 3
28075,Mississippi,Lauderdale,Bin 3
28003,Mississippi,Alcorn,Bin 3
28011,Mississippi,Bolivar,Bin 2
51750,Virginia,Radford,Bin 3
51630,Virginia,Fredericksburg,Bin 3
51157,Virginia,Rappahannock,Bin 6
51670,Virginia,Hopewell,Bin 2
51640,Virginia,Galax,Bin 3
13275,Georgia,Thomas,Bin 5
13259,Georgia,Stewart,Bin 4
38063,North Dakota,Nelson,Bin 2
38047,North Dakota,Logan,Bin 2
39023,Ohio,Clark,Bin 5
39041,Ohio,Delaware,Bin 6
28095,Mississippi,Monroe,Bin 3
46017,South Dakota,Buffalo,Bin 6
55053,Wisconsin,Jackson,Bin 6
55015,Wisconsin,Calumet,Bin 6
55005,Wisconsin,Barron,Bin 2
55067,Wisconsin,Langlade,Bin 5
13065,Georgia,Clinch,Bin 5
17151,Illinois,Pope,Bin 2
17023,Illinois,Clark,Bin 3
39109,Ohio,Miami,Bin 6
39159,Ohio,Union,Bin 6
39019,Ohio,Carroll,Bin 4
47075,Tennessee,Haywood,Bin 3
47023,Tennessee,Chester,Bin 3
26091,Michigan,Lenawee,Bin 4
26151,Michigan,Sanilac,Bin 3
17195,Illinois,Whiteside,Bin 6
18019,Indiana,Clark,Bin 6
40083,Oklahoma,Logan,Bin 2
40091,Oklahoma,McIntosh,Bin 3
47101,Tennessee,Lewis,Bin 3
47133,Tennessee,Overton,Bin 3
26031,Michigan,Cheboygan,Bin 5
26069,Michigan,Iosco,Bin 4
18153,Indiana,Sullivan,Bin 4
18077,Indiana,Jefferson,Bin 5
18127,Indiana,Porter,Bin 6
40107,Oklahoma,Okfuskee,Bin 3
40043,Oklahoma,Dewey,Bin 2
48209,Texas,Hays,Bin 5
48121,Texas,Denton,Bin 5
48303,Texas,Lubbock,Bin 5
48399,Texas,Runnels,Bin 4
27157,Minnesota,Wabasha,Bin 4
28005,Mississippi,Amite,Bin 2
18075,Indiana,Jay,Bin 6
18163,Indiana,Vanderburgh,Bin 4
18155,Indiana,Switzerland,Bin 5
41053,Oregon,Polk,Bin 6
42077,Pennsylvania,Lehigh,Bin 5
48259,Texas,Kendall,Bin 3
48325,Texas,Medina,Bin 5
48249,Texas,Jim Wells,Bin 3
48193,Texas,Hamilton,Bin 2
28027,Mississippi,Coahoma,Bin 2
28147,Mississippi,Walthall,Bin 3
29153,Missouri,Ozark,Bin 2
26139,Michigan,Ottawa,Bin 6
26093,Michigan,Livingston,Bin 6
17095,Illinois,Knox,Bin 5
42069,Pennsylvania,Lackawanna,Bin 6
42093,Pennsylvania,Montour,Bin 6
46087,South Dakota,McCook,Bin 2
48293,Texas,Limestone,Bin 6
48191,Texas,Hall,Bin 3
48305,Texas,Lynn,Bin 2
48107,Texas,Crosby,Bin 2
48137,Texas,Edwards,Bin 6
31129,Nebraska,Nuckolls,Bin 3
31153,Nebraska,Sarpy,Bin 6
31049,Nebraska,Deuel,Bin 2
26101,Michigan,Manistee,Bin 6
19131,Iowa,Mitchell,Bin 4
26161,Michigan,Washtenaw,Bin 4
19129,Iowa,Mills,Bin 6
46067,South Dakota,Hutchinson,Bin 2
46033,South Dakota,Custer,Bin 3
06075,California,San Francisco,Bin 1
08017,Colorado,Cheyenne,Bin 6
01037,Alabama,Coosa,Bin 2
22009,Louisiana,Avoyelles,Bin 2
31177,Nebraska,Washington,Bin 6
34029,New Jersey,Ocean,Bin 2
17011,Illinois,Bureau,Bin 2
20191,Kansas,Sumner,Bin 2
01133,Alabama,Winston,Bin 2
24510,Maryland,Baltimore,Bin 1
48027,Texas,Bell,Bin 6
48021,Texas,Bastrop,Bin 5
48441,Texas,Taylor,Bin 5
38039,North Dakota,Griggs,Bin 3
39149,Ohio,Shelby,Bin 6
27071,Minnesota,Koochiching,Bin 5
20181,Kansas,Sherman,Bin 3
21083,Kentucky,Graves,Bin 2
30079,Montana,Prairie,Bin 6
12061,Florida,Indian River,Bin 5
37041,North Carolina,Chowan,Bin 2
39075,Ohio,Holmes,Bin 5
26095,Michigan,Luce,Bin 3
27067,Minnesota,Kandiyohi,Bin 6
27121,Minnesota,Pope,Bin 3
28099,Mississippi,Neshoba,Bin 4
01045,Alabama,Dale,Bin 2
40071,Oklahoma,Kay,Bin 4
12091,Florida,Okaloosa,Bin 5
13099,Georgia,Early,Bin 3
37143,North Carolina,Perquimans,Bin 1
38033,North Dakota,Golden Valley,Bin 3
38013,North Dakota,Burke,Bin 6
28009,Mississippi,Benton,Bin 2
29085,Missouri,Hickory,Bin 3
29065,Missouri,Dent,Bin 3
31111,Nebraska,Lincoln,Bin 6
31081,Nebraska,Hamilton,Bin 6
46105,South Dakota,Perkins,Bin 2
21019,Kentucky,Boyd,Bin 4
46043,South Dakota,Douglas,Bin 2
23005,Maine,Cumberland,Bin 4
13101,Georgia,Echols,Bin 6
13239,Georgia,Quitman,Bin 4
39087,Ohio,Lawrence,Bin 5
39053,Ohio,Gallia,Bin 6
39039,Ohio,Defiance,Bin 5
38095,North Dakota,Towner,Bin 3
56023,Wyoming,Lincoln,Bin 2
55131,Wisconsin,Washington,Bin 6
55077,Wisconsin,Marquette,Bin 2
48291,Texas,Liberty,Bin 4
37025,North Carolina,Cabarrus,Bin 5
13111,Georgia,Fannin,Bin 3
13115,Georgia,Floyd,Bin 3
40025,Oklahoma,Cimarron,Bin 2
41037,Oregon,Lake,Bin 2
42083,Pennsylvania,McKean,Bin 5
54105,West Virginia,Wirt,Bin 3
55097,Wisconsin,Portage,Bin 6
55047,Wisconsin,Green Lake,Bin 2
40123,Oklahoma,Pontotoc,Bin 2
40097,Oklahoma,Mayes,Bin 2
27161,Minnesota,Waseca,Bin 4
27101,Minnesota,Murray,Bin 4
27039,Minnesota,Dodge,Bin 6
27113,Minnesota,Pennington,Bin 5
28085,Mississippi,Lincoln,Bin 3
42115,Pennsylvania,Susquehanna,Bin 3
46009,South Dakota,Bon Homme,Bin 2
47109,Tennessee,McNairy,Bin 2
47027,Tennessee,Clay,Bin 2
55107,Wisconsin,Rusk,Bin 5
55021,Wisconsin,Columbia,Bin 3
40149,Oklahoma,Washita,Bin 2
40131,Oklahoma,Rogers,Bin 3
40127,Oklahoma,Pushmataha,Bin 2
28079,Mississippi,Leake,Bin 5
28105,Mississippi,Oktibbeha,Bin 4
28067,Mississippi,Jones,Bin 2
28135,Mississippi,Tallahatchie,Bin 3
05119,Arkansas,Pulaski,Bin 3
55103,Wisconsin,Richland,Bin 3
55135,Wisconsin,Waupaca,Bin 5
55087,Wisconsin,Outagamie,Bin 6
40153,Oklahoma,Woodward,Bin 2
40069,Oklahoma,Johnston,Bin 2
42075,Pennsylvania,Lebanon,Bin 4
28115,Mississippi,Pontotoc,Bin 3
28123,Mississippi,Scott,Bin 4
28159,Mississippi,Winston,Bin 4
28043,Mississippi,Grenada,Bin 4
48197,Texas,Hardeman,Bin 6
48483,Texas,Wheeler,Bin 2
48017,Texas,Bailey,Bin 4
47175,Tennessee,Van Buren,Bin 3
48439,Texas,Tarrant,Bin 5
42021,Pennsylvania,Cambria,Bin 3
42081,Pennsylvania,Lycoming,Bin 6
28019,Mississippi,Choctaw,Bin 4
29101,Missouri,Johnson,Bin 5
29203,Missouri,Shannon,Bin 2
48485,Texas,Wichita,Bin 4
49027,Utah,Millard,Bin 2
51099,Virginia,King George,Bin 4
48307,Texas,McCulloch,Bin 4
48177,Texas,Gonzales,Bin 4
48221,Texas,Hood,Bin 6
42065,Pennsylvania,Jefferson,Bin 4
42009,Pennsylvania,Bedford,Bin 2
29073,Missouri,Gasconade,Bin 2
29109,Missouri,Lawrence,Bin 2
29079,Missouri,Grundy,Bin 5
29215,Missouri,Texas,Bin 3
51089,Virginia,Henry,Bin 5
48501,Texas,Yoakum,Bin 2
48227,Texas,Howard,Bin 4
48099,Texas,Coryell,Bin 6
48451,Texas,Tom Green,Bin 6
48149,Texas,Fayette,Bin 4
48447,Texas,Throckmorton,Bin 6
48009,Texas,Archer,Bin 6
42109,Pennsylvania,Snyder,Bin 5
42131,Pennsylvania,Wyoming,Bin 5
29175,Missouri,Randolph,Bin 3
29117,Missouri,Livingston,Bin 4
29125,Missouri,Maries,Bin 2
29205,Missouri,Shelby,Bin 2
51077,Virginia,Grayson,Bin 3
53059,Washington,Skamania,Bin 6
48013,Texas,Atascosa,Bin 3
48143,Texas,Erath,Bin 5
48375,Texas,Potter,Bin 4
48341,Texas,Moore,Bin 3
48233,Texas,Hutchinson,Bin 4
48319,Texas,Mason,Bin 2
45011,South Carolina,Barnwell,Bin 5
29057,Missouri,Dade,Bin 2
29185,Missouri,St. Clair,Bin 4
29199,Missouri,Scotland,Bin 2
30107,Montana,Wheatland,Bin 2
53003,Washington,Asotin,Bin 5
53023,Washington,Garfield,Bin 2
48019,Texas,Bandera,Bin 3
48279,Texas,Lamb,Bin 2
48175,Texas,Goliad,Bin 3
48023,Texas,Baylor,Bin 2
48317,Texas,Martin,Bin 2
45081,South Carolina,Saluda,Bin 4
45023,South Carolina,Chester,Bin 4
30017,Montana,Custer,Bin 6
30033,Montana,Garfield,Bin 6
30011,Montana,Carter,Bin 6
30109,Montana,Wibaux,Bin 6
54053,West Virginia,Mason,Bin 5
55079,Wisconsin,Milwaukee,Bin 6
48275,Texas,Knox,Bin 3
48425,Texas,Somervell,Bin 4
48163,Texas,Frio,Bin 5
48313,Texas,Madison,Bin 6
48411,Texas,San Saba,Bin 2
48263,Texas,Kent,Bin 6
46107,South Dakota,Potter,Bin 2
46037,South Dakota,Day,Bin 2
46035,South Dakota,Davison,Bin 6
46077,South Dakota,Kingsbury,Bin 4
46057,South Dakota,Hamlin,Bin 6
31089,Nebraska,Holt,Bin 2
31079,Nebraska,Hall,Bin 4
31119,Nebraska,Madison,Bin 4
55063,Wisconsin,La Crosse,Bin 5
55123,Wisconsin,Vernon,Bin 3
48075,Texas,Childress,Bin 5
48433,Texas,Stonewall,Bin 2
38089,North Dakota,Stark,Bin 2
38093,North Dakota,Stutsman,Bin 6
38043,North Dakota,Kidder,Bin 2
46007,South Dakota,Bennett,Bin 3
46019,South Dakota,Butte,Bin 6
31019,Nebraska,Buffalo,Bin 5
31159,Nebraska,Seward,Bin 3
31001,Nebraska,Adams,Bin 2
05111,Arkansas,Poinsett,Bin 2
05141,Arkansas,Van Buren,Bin 2
05079,Arkansas,Lincoln,Bin 2
48109,Texas,Culberson,Bin 6
48413,Texas,Schleicher,Bin 6
38045,North Dakota,LaMoure,Bin 2
39011,Ohio,Auglaize,Bin 5
39045,Ohio,Fairfield,Bin 6
46102,South Dakota,Oglala Lakota,Bin 6
47039,Tennessee,Decatur,Bin 2
21237,Kentucky,Wolfe,Bin 5
21153,Kentucky,Magoffin,Bin 4
31101,Nebraska,Keith,Bin 6
31003,Nebraska,Antelope,Bin 2
31141,Nebraska,Platte,Bin 5
48011,Texas,Armstrong,Bin 6
48095,Texas,Concho,Bin 2
49001,Utah,Beaver,Bin 2
51121,Virginia,Montgomery,Bin 4
39151,Ohio,Stark,Bin 6
39071,Ohio,Highland,Bin 3
39063,Ohio,Hancock,Bin 6
21223,Kentucky,Trimble,Bin 4
21103,Kentucky,Henry,Bin 5
22045,Louisiana,Iberia,Bin 2
22073,Louisiana,Ouachita,Bin 3
31143,Nebraska,Polk,Bin 4
31173,Nebraska,Thurston,Bin 3
31085,Nebraska,Hayes,Bin 6
51683,Virginia,Manassas,Bin 6
51049,Virginia,Cumberland,Bin 5
51540,Virginia,Charlottesville,Bin 5
39069,Ohio,Henry,Bin 3
39083,Ohio,Knox,Bin 4
39101,Ohio,Marion,Bin 6
39117,Ohio,Morrow,Bin 5
39055,Ohio,Geauga,Bin 6
22121,Louisiana,West Baton Rouge,Bin 2
23011,Maine,Kennebec,Bin 5
35006,New Mexico,Cibola,Bin 4
35041,New Mexico,Roosevelt,Bin 2
35059,New Mexico,Union,Bin 2
51036,Virginia,Charles City,Bin 3
51045,Virginia,Craig,Bin 4
51595,Virginia,Emporia,Bin 2
51600,Virginia,Fairfax,Bin 1
51678,Virginia,Lexington,Bin 6
39097,Ohio,Madison,Bin 5
39005,Ohio,Ashland,Bin 5
39031,Ohio,Coshocton,Bin 5
39047,Ohio,Fayette,Bin 5
26123,Michigan,Newaygo,Bin 3
26107,Michigan,Mecosta,Bin 3
26057,Michigan,Gratiot,Bin 5
26037,Michigan,Clinton,Bin 6
36117,New York,Wayne,Bin 6
36089,New York,St. Lawrence,Bin 6
51580,Virginia,Covington,Bin 4
51720,Virginia,Norton,Bin 2
54049,West Virginia,Marion,Bin 4
40103,Oklahoma,Noble,Bin 2
40055,Oklahoma,Greer,Bin 3
26133,Michigan,Osceola,Bin 2
26039,Michigan,Crawford,Bin 6
27037,Minnesota,Dakota,Bin 6
37181,North Carolina,Vance,Bin 6
37157,North Carolina,Rockingham,Bin 4
38001,North Dakota,Adams,Bin 6
38075,North Dakota,Renville,Bin 6
54101,West Virginia,Webster,Bin 3
54079,West Virginia,Putnam,Bin 5
40051,Oklahoma,Grady,Bin 3
27111,Minnesota,Otter Tail,Bin 6
27109,Minnesota,Olmsted,Bin 6
27085,Minnesota,McLeod,Bin 4
27095,Minnesota,Mille Lacs,Bin 6
39025,Ohio,Clermont,Bin 4
39037,Ohio,Darke,Bin 5
40053,Oklahoma,Grant,Bin 2
19025,Iowa,Calhoun,Bin 3
47111,Tennessee,Macon,Bin 5
48421,Texas,Sherman,Bin 6
06031,California,Kings,Bin 6
27153,Minnesota,Todd,Bin 3
27009,Minnesota,Benton,Bin 6
46047,South Dakota,Fall River,Bin 6
36085,New York,Richmond,Bin 1
01123,Alabama,Tallapoosa,Bin 3
18021,Indiana,Clay,Bin 4
46061,South Dakota,Hanson,Bin 6
46045,South Dakota,Edmunds,Bin 2
21057,Kentucky,Cumberland,Bin 2
26111,Michigan,Midland,Bin 4
12051,Florida,Hendry,Bin 6
13297,Georgia,Walton,Bin 6
13263,Georgia,Talbot,Bin 5
13277,Georgia,Tift,Bin 3
48365,Texas,Panola,Bin 5
47047,Tennessee,Fayette,Bin 4
37005,North Carolina,Alleghany,Bin 4
38021,North Dakota,Dickey,Bin 2
27123,Minnesota,Ramsey,Bin 6
27079,Minnesota,Le Sueur,Bin 2
16019,Idaho,Bonneville,Bin 5
16051,Idaho,Jefferson,Bin 4
17051,Illinois,Fayette,Bin 5
51071,Virginia,Giles,Bin 6
51710,Virginia,Norfolk,Bin 6
29105,Missouri,Laclede,Bin 5
50013,Vermont,Grand Isle,Bin 5
28073,Mississippi,Lamar,Bin 3
05065,Arkansas,Izard,Bin 2
08025,Colorado,Crowley,Bin 2
17147,Illinois,Piatt,Bin 3
17103,Illinois,Lee,Bin 6
17171,Illinois,Scott,Bin 2
55105,Wisconsin,Rock,Bin 6
56021,Wyoming,Laramie,Bin 5
42119,Pennsylvania,Union,Bin 6
53001,Washington,Adams,Bin 5
55139,Wisconsin,Winnebago,Bin 5
55019,Wisconsin,Clark,Bin 5
13159,Georgia,Jasper,Bin 5
17165,Illinois,Saline,Bin 6
18031,Indiana,Decatur,Bin 6
19011,Iowa,Benton,Bin 2
17009,Illinois,Brown,Bin 3
18097,Indiana,Marion,Bin 6
42047,Pennsylvania,Elk,Bin 4
26085,Michigan,Lake,Bin 2
28017,Mississippi,Chickasaw,Bin 4
29131,Missouri,Miller,Bin 3
01017,Alabama,Chambers,Bin 3
17007,Illinois,Boone,Bin 6
18091,Indiana,LaPorte,Bin 6
29115,Missouri,Linn,Bin 3
29103,Missouri,Knox,Bin 2
31023,Nebraska,Butler,Bin 2
31163,Nebraska,Sherman,Bin 2
37105,North Carolina,Lee,Bin 4
29135,Missouri,Moniteau,Bin 2
30065,Montana,Musselshell,Bin 6
31125,Nebraska,Nance,Bin 2
19191,Iowa,Winneshiek,Bin 5
20103,Kansas,Leavenworth,Bin 3
05087,Arkansas,Madison,Bin 5
08119,Colorado,Teller,Bin 6
13223,Georgia,Paulding,Bin 5
37107,North Carolina,Lenoir,Bin 2
35053,New Mexico,Socorro,Bin 6
36093,New York,Schenectady,Bin 6
37135,North Carolina,Orange,Bin 6
36087,New York,Rockland,Bin 2
01057,Alabama,Fayette,Bin 2
26019,Michigan,Benzie,Bin 4
13193,Georgia,Macon,Bin 4
16001,Idaho,Ada,Bin 6
37061,North Carolina,Duplin,Bin 2
38073,North Dakota,Ransom,Bin 2
38027,North Dakota,Eddy,Bin 2
38029,North Dakota,Emmons,Bin 6
40021,Oklahoma,Cherokee,Bin 3
27049,Minnesota,Goodhue,Bin 6
29181,Missouri,Ripley,Bin 2
31031,Nebraska,Cherry,Bin 6
17055,Illinois,Franklin,Bin 3
32027,Nevada,Pershing,Bin 2
35027,New Mexico,Lincoln,Bin 4
47015,Tennessee,Cannon,Bin 5
48265,Texas,Kerr,Bin 4
48251,Texas,Johnson,Bin 5
48035,Texas,Bosque,Bin 2
42107,Pennsylvania,Schuylkill,Bin 6
46029,South Dakota,Codington,Bin 5
47083,Tennessee,Houston,Bin 3
48081,Texas,Coke,Bin 6
34039,New Jersey,Union,Bin 1
39085,Ohio,Lake,Bin 6
37037,North Carolina,Chatham,Bin 5
38025,North Dakota,Dunn,Bin 3
48217,Texas,Hill,Bin 2
48363,Texas,Palo Pinto,Bin 6
48335,Texas,Mitchell,Bin 3
48189,Texas,Hale,Bin 3
48159,Texas,Franklin,Bin 5
48101,Texas,Cottle,Bin 6
53043,Washington,Lincoln,Bin 2
55081,Wisconsin,Monroe,Bin 5
40059,Oklahoma,Harper,Bin 2
47069,Tennessee,Hardeman,Bin 5
53039,Washington,Klickitat,Bin 4
48171,Texas,Gillespie,Bin 3
48093,Texas,Comanche,Bin 2
48049,Texas,Brown,Bin 3
48267,Texas,Kimble,Bin 2
48429,Texas,Stephens,Bin 5
48235,Texas,Irion,Bin 6
48065,Texas,Carson,Bin 2
48129,Texas,Donley,Bin 2
39103,Ohio,Medina,Bin 6
39091,Ohio,Logan,Bin 5
39175,Ohio,Wyandot,Bin 5
39107,Ohio,Mercer,Bin 3
40009,Oklahoma,Beckham,Bin 2
42007,Pennsylvania,Beaver,Bin 6
27081,Minnesota,Lincoln,Bin 3
39129,Ohio,Pickaway,Bin 3
39121,Ohio,Noble,Bin 4
40039,Oklahoma,Custer,Bin 2
39057,Ohio,Greene,Bin 5
39127,Ohio,Perry,Bin 5
40121,Oklahoma,Pittsburg,Bin 5
28023,Mississippi,Clarke,Bin 2
29149,Missouri,Oregon,Bin 2
29005,Missouri,Atchison,Bin 5
31095,Nebraska,Jefferson,Bin 2
56025,Wyoming,Natrona,Bin 6
18101,Indiana,Martin,Bin 5
40119,Oklahoma,Payne,Bin 2
40011,Oklahoma,Blaine,Bin 2
40005,Oklahoma,Atoka,Bin 3
46115,South Dakota,Spink,Bin 6
12085,Florida,Martin,Bin 5
32005,Nevada,Douglas,Bin 6
17089,Illinois,Kane,Bin 6
21207,Kentucky,Russell,Bin 3
27151,Minnesota,Swift,Bin 4
29229,Missouri,Wright,Bin 2
31151,Nebraska,Saline,Bin 3
46059,South Dakota,Hand,Bin 2
46025,South Dakota,Clark,Bin 2
46097,South Dakota,Miner,Bin 3
46021,South Dakota,Campbell,Bin 6
13053,Georgia,Chattahoochee,Bin 5
17033,Illinois,Crawford,Bin 3
18141,Indiana,St. Joseph,Bin 6
17107,Illinois,Logan,Bin 5
29059,Missouri,Dallas,Bin 5
31063,Nebraska,Frontier,Bin 6
51775,Virginia,Salem,Bin 6
18087,Indiana,LaGrange,Bin 5
22003,Louisiana,Allen,Bin 4
23019,Maine,Penobscot,Bin 5
26045,Michigan,Eaton,Bin 5
05033,Arkansas,Crawford,Bin 2
19193,Iowa,Woodbury,Bin 3
01125,Alabama,Tuscaloosa,Bin 5
31145,Nebraska,Red Willow,Bin 5
31033,Nebraska,Cheyenne,Bin 5
26059,Michigan,Hillsdale,Bin 3
19157,Iowa,Poweshiek,Bin 6
26087,Michigan,Lapeer,Bin 4
26077,Michigan,Kalamazoo,Bin 5
26165,Michigan,Wexford,Bin 2
27005,Minnesota,Becker,Bin 6
08021,Colorado,Conejos,Bin 2
29155,Missouri,Pemiscot,Bin 2
36019,New York,Clinton,Bin 5
48181,Texas,Grayson,Bin 4
51700,Virginia,Newport News,Bin 1
16011,Idaho,Bingham,Bin 2
17087,Illinois,Johnson,Bin 2
17123,Illinois,Marshall,Bin 3
35019,New Mexico,Guadalupe,Bin 2
36123,New York,Yates,Bin 5
28097,Mississippi,Montgomery,Bin 3
37077,North Carolina,Granville,Bin 6
40151,Oklahoma,Woods,Bin 3
51550,Virginia,Chesapeake,Bin 6
51510,Virginia,Alexandria,Bin 1
53051,Washington,Pend Oreille,Bin 3
56041,Wyoming,Uinta,Bin 6
17141,Illinois,Ogle,Bin 5
18063,Indiana,Hendricks,Bin 6
18159,Indiana,Tipton,Bin 6
18049,Indiana,Fulton,Bin 6
28127,Mississippi,Simpson,Bin 3
28117,Mississippi,Prentiss,Bin 4
28107,Mississippi,Panola,Bin 3
42073,Pennsylvania,Lawrence,Bin 6
29186,Missouri,Ste. Genevieve,Bin 4
29510,Missouri,St. Louis,Bin 6
55031,Wisconsin,Douglas,Bin 6
05071,Arkansas,Johnson,Bin 2
18033,Indiana,DeKalb,Bin 6
19151,Iowa,Pocahontas,Bin 6
19169,Iowa,Story,Bin 5
19013,Iowa,Black Hawk,Bin 4
19123,Iowa,Mahaska,Bin 6
28037,Mississippi,Franklin,Bin 2
28063,Mississippi,Jefferson,Bin 2
31087,Nebraska,Hitchcock,Bin 6
31107,Nebraska,Knox,Bin 2
31043,Nebraska,Dakota,Bin 6
55049,Wisconsin,Iowa,Bin 5
19181,Iowa,Warren,Bin 6
19087,Iowa,Henry,Bin 6
19027,Iowa,Carroll,Bin 4
19121,Iowa,Madison,Bin 5
19035,Iowa,Cherokee,Bin 5
29141,Missouri,Morgan,Bin 2
30021,Montana,Dawson,Bin 3
30025,Montana,Fallon,Bin 2
31127,Nebraska,Nemaha,Bin 2
33011,New Hampshire,Hillsborough,Bin 6
20155,Kansas,Reno,Bin 5
20109,Kansas,Logan,Bin 2
20133,Kansas,Neosho,Bin 3
20079,Kansas,Harvey,Bin 6
20001,Kansas,Allen,Bin 3
31053,Nebraska,Dodge,Bin 2
31021,Nebraska,Burt,Bin 3
17183,Illinois,Vermilion,Bin 5
17091,Illinois,Kankakee,Bin 6
20021,Kansas,Cherokee,Bin 5
20153,Kansas,Rawlins,Bin 2
21009,Kentucky,Barren,Bin 2
31041,Nebraska,Custer,Bin 2
31045,Nebraska,Dawes,Bin 2
31183,Nebraska,Wheeler,Bin 6
31117,Nebraska,McPherson,Bin 6
20037,Kansas,Crawford,Bin 3
18165,Indiana,Vermillion,Bin 6
20029,Kansas,Cloud,Bin 4
21143,Kentucky,Lyon,Bin 2
21173,Kentucky,Montgomery,Bin 3
51021,Virginia,Bland,Bin 2
51197,Virginia,Wythe,Bin 2
31067,Nebraska,Gage,Bin 2
17121,Illinois,Marion,Bin 5
19071,Iowa,Fremont,Bin 2
21105,Kentucky,Hickman,Bin 3
22007,Louisiana,Assumption,Bin 2
51079,Virginia,Greene,Bin 6
19155,Iowa,Pottawattamie,Bin 5
19043,Iowa,Clayton,Bin 2
22061,Louisiana,Lincoln,Bin 4
22093,Louisiana,St. James,Bin 2
26143,Michigan,Roscommon,Bin 5
27029,Minnesota,Clearwater,Bin 6
51760,Virginia,Richmond,Bin 6
51135,Virginia,Nottoway,Bin 4
17037,Illinois,DeKalb,Bin 5
27105,Minnesota,Nobles,Bin 6
17199,Illinois,Williamson,Bin 4
17053,Illinois,Ford,Bin 4
27057,Minnesota,Hubbard,Bin 6
27141,Minnesota,Sherburne,Bin 6
51570,Virginia,Colonial Heights,Bin 2
55027,Wisconsin,Dodge,Bin 4
55017,Wisconsin,Chippewa,Bin 5
21053,Kentucky,Clinton,Bin 2
01127,Alabama,Walker,Bin 2
08051,Colorado,Gunnison,Bin 6
08039,Colorado,Elbert,Bin 6
27007,Minnesota,Beltrami,Bin 4
28145,Mississippi,Union,Bin 3
28035,Mississippi,Forrest,Bin 2
28031,Mississippi,Covington,Bin 2
55041,Wisconsin,Forest,Bin 2
55033,Wisconsin,Dunn,Bin 4
40033,Oklahoma,Cotton,Bin 2
36027,New York,Dutchess,Bin 5
13069,Georgia,Coffee,Bin 2
28061,Mississippi,Jasper,Bin 4
29047,Missouri,Clay,Bin 5
29225,Missouri,Webster,Bin 3
29075,Missouri,Gentry,Bin 3
01081,Alabama,Lee,Bin 3
08045,Colorado,Garfield,Bin 6
09150,Connecticut,Northeastern Connecticut,Bin 6
48493,Texas,Wilson,Bin 6
55115,Wisconsin,Shawano,Bin 4
18157,Indiana,Tippecanoe,Bin 6
19171,Iowa,Tama,Bin 6
13035,Georgia,Butts,Bin 5
13117,Georgia,Forsyth,Bin 6
29043,Missouri,Christian,Bin 6
29003,Missouri,Andrew,Bin 3
12063,Florida,Jackson,Bin 2
17077,Illinois,Jackson,Bin 6
19023,Iowa,Butler,Bin 3
19067,Iowa,Floyd,Bin 6
19105,Iowa,Jones,Bin 3
20085,Kansas,Jackson,Bin 5
20081,Kansas,Haskell,Bin 2
20195,Kansas,Trego,Bin 2
13255,Georgia,Spalding,Bin 4
13043,Georgia,Candler,Bin 2
29219,Missouri,Warren,Bin 5
29053,Missouri,Cooper,Bin 3
29093,Missouri,Iron,Bin 2
17001,Illinois,Adams,Bin 4
30111,Montana,Yellowstone,Bin 5
20033,Kansas,Comanche,Bin 2
21113,Kentucky,Jessamine,Bin 4
21191,Kentucky,Pendleton,Bin 3
13155,Georgia,Irwin,Bin 3
13287,Georgia,Turner,Bin 4
30095,Montana,Stillwater,Bin 2
30103,Montana,Treasure,Bin 6
30101,Montana,Toole,Bin 3
19005,Iowa,Allamakee,Bin 6
21213,Kentucky,Simpson,Bin 5
55025,Wisconsin,Dane,Bin 5
21221,Kentucky,Trigg,Bin 2
47139,Tennessee,Polk,Bin 2
47137,Tennessee,Pickett,Bin 3
13109,Georgia,Evans,Bin 2
13007,Georgia,Baker,Bin 5
31035,Nebraska,Clay,Bin 2
31167,Nebraska,Stanton,Bin 6
31017,Nebraska,Brown,Bin 6
32021,Nevada,Mineral,Bin 6
39017,Ohio,Butler,Bin 6
27055,Minnesota,Houston,Bin 6
16063,Idaho,Lincoln,Bin 6
19075,Iowa,Grundy,Bin 3
19141,Iowa,O'Brien,Bin 6
20135,Kansas,Ness,Bin 2
28111,Mississippi,Perry,Bin 2
29137,Missouri,Monroe,Bin 2
29107,Missouri,Lafayette,Bin 4
31039,Nebraska,Cuming,Bin 3
20023,Kansas,Cheyenne,Bin 2
29001,Missouri,Adair,Bin 3
31137,Nebraska,Phelps,Bin 5
36035,New York,Fulton,Bin 6
47099,Tennessee,Lawrence,Bin 3
31147,Nebraska,Richardson,Bin 3
17069,Illinois,Hardin,Bin 2
39033,Ohio,Crawford,Bin 6
40081,Oklahoma,Lincoln,Bin 4
46129,South Dakota,Walworth,Bin 2
48253,Texas,Jones,Bin 3
48417,Texas,Shackelford,Bin 2
42037,Pennsylvania,Columbia,Bin 5
46015,South Dakota,Brule,Bin 4
27019,Minnesota,Carver,Bin 6
28091,Mississippi,Marion,Bin 2
28025,Mississippi,Clay,Bin 3
29035,Missouri,Carter,Bin 2
31013,Nebraska,Box Butte,Bin 3
19007,Iowa,Appanoose,Bin 5
21075,Kentucky,Fulton,Bin 3
20169,Kansas,Saline,Bin 4
51520,Virginia,Bristol,Bin 5
40007,Oklahoma,Beaver,Bin 6
50011,Vermont,Franklin,Bin 6
54051,West Virginia,Marshall,Bin 4
55013,Wisconsin,Burnett,Bin 2
16053,Idaho,Jerome,Bin 2
51820,Virginia,Waynesboro,Bin 3
55069,Wisconsin,Lincoln,Bin 4
01029,Alabama,Cleburne,Bin 2
16045,Idaho,Gem,Bin 6
37067,North Carolina,Forsyth,Bin 5
06035,California,Lassen,Bin 6
12109,Florida,St. Johns,Bin 5
48385,Texas,Real,Bin 6
40073,Oklahoma,Kingfisher,Bin 2
26113,Michigan,Missaukee,Bin 2
35031,New Mexico,McKinley,Bin 6
40037,Oklahoma,Creek,Bin 2
37069,North Carolina,Franklin,Bin 5
39141,Ohio,Ross,Bin 4
46051,South Dakota,Grant,Bin 3
27045,Minnesota,Fillmore,Bin 6
29127,Missouri,Marion,Bin 4
46003,South Dakota,Aurora,Bin 6
18111,Indiana,Newton,Bin 6
26005,Michigan,Allegan,Bin 2
47073,Tennessee,Hawkins,Bin 3
51081,Virginia,Greensville,Bin 4
08097,Colorado,Pitkin,Bin 3
37097,North Carolina,Iredell,Bin 5
42013,Pennsylvania,Blair,Bin 4
20189,Kansas,Stevens,Bin 2
20071,Kansas,Greeley,Bin 2
56011,Wyoming,Crook,Bin 2
18079,Indiana,Jennings,Bin 6
40093,Oklahoma,Major,Bin 2
13257,Georgia,Stephens,Bin 3
23009,Maine,Hancock,Bin 2
48255,Texas,Karnes,Bin 3
26065,Michigan,Ingham,Bin 5
40031,Oklahoma,Comanche,Bin 3
18005,Indiana,Bartholomew,Bin 6
47171,Tennessee,Unicoi,Bin 5
53077,Washington,Yakima,Bin 5
08041,Colorado,El Paso,Bin 6
42121,Pennsylvania,Venango,Bin 4
46027,South Dakota,Clay,Bin 4
39137,Ohio,Putnam,Bin 3
08073,Colorado,Lincoln,Bin 2
19137,Iowa,Montgomery,Bin 4
20047,Kansas,Edwards,Bin 2
26129,Michigan,Ogemaw,Bin 5
35023,New Mexico,Hidalgo,Bin 6
19115,Iowa,Louisa,Bin 6
13293,Georgia,Upson,Bin 5
28071,Mississippi,Lafayette,Bin 3
29211,Missouri,Sullivan,Bin 2
31139,Nebraska,Pierce,Bin 2
31109,Nebraska,Lancaster,Bin 5
31175,Nebraska,Valley,Bin 2
37187,North Carolina,Washington,Bin 5
21015,Kentucky,Boone,Bin 5
31133,Nebraska,Pawnee,Bin 2
39009,Ohio,Athens,Bin 5
17083,Illinois,Jersey,Bin 3
17081,Illinois,Jefferson,Bin 3
17041,Illinois,Douglas,Bin 4
41009,Oregon,Columbia,Bin 6
53069,Washington,Wahkiakum,Bin 5
50023,Vermont,Washington,Bin 6
51610,Virginia,Falls Church,
41011,Oregon,Coos,Bin 6
46109,South Dakota,Roberts,Bin 6
12035,Florida,Flagler,Bin 6
13147,Georgia,Hart,Bin 4
20183,Kansas,Smith,Bin 2
18037,Indiana,Dubois,Bin 6
19127,Iowa,Marshall,Bin 6
20127,Kansas,Morris,Bin 2
20185,Kansas,Stafford,Bin 6
55073,Wisconsin,Marathon,Bin 5
01067,Alabama,Henry,Bin 2
17173,Illinois,Shelby,Bin 4
48505,Texas,Zapata,Bin 4
50025,Vermont,Windham,Bin 5
08105,Colorado,Rio Grande,Bin 2
05143,Arkansas,Washington,Bin 5
08061,Colorado,Kiowa,Bin 2
35001,New Mexico,Bernalillo,Bin 6
46013,South Dakota,Brown,Bin 3
47011,Tennessee,Bradley,Bin 4
16075,Idaho,Payette,Bin 5
29177,Missouri,Ray,Bin 4
01031,Alabama,Coffee,Bin 3
22109,Louisiana,Terrebonne,Bin 2
19153,Iowa,Polk,Bin 6
48357,Texas,Ochiltree,Bin 4
39113,Ohio,Montgomery,Bin 6
37071,North Carolina,Gaston,Bin 5
38079,North Dakota,Rolette,Bin 2
48097,Texas,Cooke,Bin 2
08087,Colorado,Morgan,Bin 6
12043,Florida,Glades,Bin 6
47129,Tennessee,Morgan,Bin 2
48115,Texas,Dawson,Bin 3
39145,Ohio,Scioto,Bin 3
29045,Missouri,Clark,Bin 2
38019,North Dakota,Cavalier,Bin 6
49009,Utah,Daggett,Bin 6
51013,Virginia,Arlington,Bin 1
39051,Ohio,Fulton,Bin 5
40045,Oklahoma,Ellis,Bin 4
13095,Georgia,Dougherty,Bin 6
13059,Georgia,Clarke,Bin 5
42001,Pennsylvania,Adams,Bin 5
27115,Minnesota,Pine,Bin 5
55117,Wisconsin,Sheboygan,Bin 6
13017,Georgia,Ben Hill,Bin 3
26131,Michigan,Ontonagon,Bin 2
13037,Georgia,Calhoun,Bin 5
33001,New Hampshire,Belknap,Bin 6
48381,Texas,Randall,Bin 6
48207,Texas,Haskell,Bin 3
48281,Texas,Lampasas,Bin 2
48271,Texas,Kinney,Bin 2
49039,Utah,Sanpete,Bin 2
13225,Georgia,Peach,Bin 5
17061,Illinois,Greene,Bin 2
19079,Iowa,Hamilton,Bin 4
27135,Minnesota,Roseau,Bin 3
28141,Mississippi,Tishomingo,Bin 3
29227,Missouri,Worth,Bin 3
31057,Nebraska,Dundy,Bin 2
39157,Ohio,Tuscarawas,Bin 5
39125,Ohio,Paulding,Bin 3
40061,Oklahoma,Haskell,Bin 5
54091,West Virginia,Taylor,Bin 2
19179,Iowa,Wapello,Bin 6
20115,Kansas,Marion,Bin 2
20163,Kansas,Rooks,Bin 2
21169,Kentucky,Metcalfe,Bin 2
18173,Indiana,Warrick,Bin 5
17143,Illinois,Peoria,Bin 5
19187,Iowa,Webster,Bin 5
20207,Kansas,Woodson,Bin 2
20053,Kansas,Ellsworth,Bin 5
21035,Kentucky,Calloway,Bin 4
13093,Georgia,Dooly,Bin 4
16067,Idaho,Minidoka,Bin 2
20063,Kansas,Gove,Bin 2
22095,Louisiana,St. John the Baptist,Bin 5
27165,Minnesota,Watonwan,Bin 5
28065,Mississippi,Jefferson Davis,Bin 2
29025,Missouri,Caldwell,Bin 2
19061,Iowa,Dubuque,Bin 4
20157,Kansas,Republic,Bin 2
21219,Kentucky,Todd,Bin 2
47051,Tennessee,Franklin,Bin 3
48359,Texas,Oldham,Bin 6
50003,Vermont,Bennington,Bin 5
29221,Missouri,Washington,Bin 2
31121,Nebraska,Merrick,Bin 5
31099,Nebraska,Kearney,Bin 2
31097,Nebraska,Johnson,Bin 3
31011,Nebraska,Boone,Bin 2
36121,New York,Wyoming,Bin 4
21047,Kentucky,Christian,Bin 2
18093,Indiana,Lawrence,Bin 5
18179,Indiana,Wells,Bin 6
19041,Iowa,Clay,Bin 6
55059,Wisconsin,Kenosha,Bin 6
55095,Wisconsin,Polk,Bin 2
55129,Wisconsin,Washburn,Bin 2
17111,Illinois,McHenry,Bin 6
20035,Kansas,Cowley,Bin 2
18009,Indiana,Blackford,Bin 5
39079,Ohio,Jackson,Bin 6
42057,Pennsylvania,Fulton,Bin 4
45001,South Carolina,Abbeville,Bin 3
20143,Kansas,Ottawa,Bin 2
20027,Kansas,Clay,Bin 2
21081,Kentucky,Grant,Bin 2
53021,Washington,Franklin,Bin 5
55085,Wisconsin,Oneida,Bin 5
05043,Arkansas,Drew,Bin 3
08079,Colorado,Mineral,Bin 6
17029,Illinois,Coles,Bin 5
47089,Tennessee,Jefferson,Bin 4
20177,Kansas,Shawnee,Bin 5
56001,Wyoming,Albany,Bin 5
13207,Georgia,Monroe,Bin 3
46119,South Dakota,Sully,Bin 6
48113,Texas,Dallas,Bin 5
48083,Texas,Coleman,Bin 2
47177,Tennessee,Warren,Bin 4
47169,Tennessee,Trousdale,Bin 6
48367,Texas,Parker,Bin 5
22069,Louisiana,Natchitoches,Bin 3
27131,Minnesota,Rice,Bin 5
01053,Alabama,Escambia,Bin 4
48299,Texas,Llano,Bin 2
48047,Texas,Brooks,Bin 3
04011,Arizona,Greenlee,Bin 2
48397,Texas,Rockwall,Bin 5
48059,Texas,Callahan,Bin 2
48145,Texas,Falls,Bin 3
38041,North Dakota,Hettinger,Bin 2
04023,Arizona,Santa Cruz,Bin 6
13055,Georgia,Chattooga,Bin 3
17075,Illinois,Iroquois,Bin 4
20009,Kansas,Barton,Bin 5
49031,Utah,Piute,Bin 6
55039,Wisconsin,Fond du Lac,Bin 4
05049,Arkansas,Fulton,Bin 2
35013,New Mexico,Doña Ana,Bin 5
37033,North Carolina,Caswell,Bin 4
39169,Ohio,Wayne,Bin 6
39133,Ohio,Portage,Bin 6
40047,Oklahoma,Garfield,Bin 2
06029,California,Kern,Bin 4
18143,Indiana,Scott,Bin 5
56017,Wyoming,Hot Springs,Bin 4
40105,Oklahoma,Nowata,Bin 2
44003,Rhode Island,Kent,Bin 1
28041,Mississippi,Greene,Bin 2
42011,Pennsylvania,Berks,Bin 6
46005,South Dakota,Beadle,Bin 6
27159,Minnesota,Wadena,Bin 6
01079,Alabama,Lawrence,Bin 2
48231,Texas,Hunt,Bin 6
31161,Nebraska,Sheridan,Bin 2
17119,Illinois,Madison,Bin 5
28155,Mississippi,Webster,Bin 4
29161,Missouri,Phelps,Bin 3
29007,Missouri,Audrain,Bin 5
02020,Alaska,Anchorage,Bin 6
02180,Alaska,Nome,Bin 6
02070,Alaska,Dillingham,Bin 6
02066,Alaska,Copper River,Bin 6
02130,Alaska,Ketchikan Gateway,Bin 6
02185,Alaska,North Slope,Bin 6
02290,Alaska,Yukon-Koyukuk,Bin 6
02220,Alaska,Sitka,Bin 6
02100,Alaska,Haines,Bin 3
02170,Alaska,Matanuska-Susitna,Bin 6
02122,Alaska,Kenai Peninsula,Bin 4
02240,Alaska,Southeast Fairbanks,Bin 6
02050,Alaska,Bethel,Bin 6
02275,Alaska,Wrangell,Bin 6
02282,Alaska,Yakutat,Bin 2
02195,Alaska,Petersburg,Bin 6
02090,Alaska,Fairbanks North Star,Bin 6
02110,Alaska,Juneau,Bin 6
02013,Alaska,Aleutians East,Bin 6
02188,Alaska,Northwest Arctic,Bin 4
02158,Alaska,Kusilvak,Bin 6
02230,Alaska,Skagway,Bin 1
02105,Alaska,Hoonah-Angoon,Bin 6
02150,Alaska,Kodiak Island,Bin 6
02068,Alaska,Denali,Bin 6
02198,Alaska,Prince of Wales-Hyder,Bin 6
02016,Alaska,Aleutians West,Bin 6
02164,Alaska,Lake and Peninsula,Bin 6
02063,Alaska,Chugach,Bin 6
02060,Alaska,Bristol Bay,Bin 6
